email_id,sender_known_malicious,sender_domain_reputation_score,sender_spoof_detected,sender_temp_email_likelihood,dmarc_enforced,packer_detected,any_file_hash_malicious,max_metadata_suspicious_score,malicious_attachment_count,has_executable_attachment,unscannable_attachment_present,total_components_detected_malicious,total_yara_match_count,total_ioc_count,max_behavioral_sandbox_score,max_amsi_suspicion_score,any_macro_enabled_document,any_vbscript_javascript_detected,any_active_x_objects_detected,any_network_call_on_open,max_exfiltration_behavior_score,any_exploit_pattern_detected,total_embedded_file_count,max_suspicious_string_entropy_score,max_sandbox_execution_time,unique_parent_process_names,return_path_mismatch_with_from,return_path_known_malicious,return_path_reputation_score,reply_path_known_malicious,reply_path_diff_from_sender,reply_path_reputation_score,smtp_ip_known_malicious,smtp_ip_geo,smtp_ip_asn,smtp_ip_reputation_score,domain_known_malicious,url_count,dns_morphing_detected,domain_tech_stack_match_score,is_high_risk_role_targeted,sender_name_similarity_to_vip,urgency_keywords_present,request_type,content_spam_score,user_marked_as_spam_before,bulk_message_indicator,unsubscribe_link_present,marketing_keywords_detected,html_text_ratio,image_only_email,spf_result,dkim_result,dmarc_result,reverse_dns_valid,tls_version,total_links_detected,url_shortener_detected,url_redirect_chain_length,final_url_known_malicious,url_decoded_spoof_detected,url_reputation_score,ssl_validity_status,site_visual_similarity_to_known_brand,url_rendering_behavior_score,link_rewritten_through_redirector,token_validation_success,Analysis of the qrcode if present
test-Ma1-003fe58471f6a648137d5d1f63015323,0,0.6,0,,1.0,,,,,,,0,,,0.0,0.0,,,,0,0.0,0,,,0.0,,0,0.0,0.93,0,0,1.0,0,0.1,0.5,0.35,1,9,0,0.48,1,0,0.0,,0.4052,0,0,0,0.5223880597014925,1.0,0,pass,fail,fail,1,not available,10,0,4,0,1,0.77,no_ssl,0.0,0.0,0,0,
test-Ma1-00a256617cdfdc6de574f6edc99e8556,0,0.0,1,,1.0,,,,,,,0,,,0.0,0.0,,,,0,0.0,0,,,0.0,,0,0.0,0.0,0,0,1.0,0,0.15,0.5,0.5,1,1,0,0.5,1,0,0.0,,0.9938,0,0,0,0.9951456310679612,1.0,0,neutral,neutral,pass,1,not available,1,0,0,0,0,0.15,no_ssl,0.0,0.0,0,0,
test-Ma1-00b43448c20efbff7c3906149aa9a55c,0,0.0,0,,1.0,,,,,,,0,,,0.0,0.0,,,,0,0.0,0,,,0.0,,0,0.0,0.0,0,0,1.0,0,0.15,0.5,0.55,1,1,0,0.5,1,0,0.0,,0.9955,0,0,0,0.3649337410805301,1.0,0,fail,pass,fail,1,not available,1,0,0,0,0,0.15,no_ssl,0.0,0.0,0,0,
test-Ma1-01abc30507986cf9fe5fbe86695adf78,0,0.0,1,,1.0,0.0,0.0,0.0,0.0,0.0,0.0,0,1.0,0.0,0.0,0.0,0.0,0.0,0.0,0,0.0,0,0.0,0.0,0.0,,0,0.0,0.0,0,0,1.0,0,0.15,0.5,0.5,1,4,0,0.25,1,0,0.0,,0.1107,0,0,0,0.07547169811320754,1.0,0,neutral,none,pass,1,not available,4,0,2,0,0,0.77,no_ssl,0.0,0.0,0,0,
test-Ma1-01accf371acf0bea3724ca4983824304,0,0.08,0,,0.0,,,,,,,0,,,0.0,0.0,,,,0,0.0,0,,,0.0,,0,0.0,0.08,0,0,1.0,0,0.15,0.5,0.5,1,14,0,0.33,1,0,0.0,,0.9851,0,0,0,0.5102880658436213,1.0,0,none,pass,none,1,not available,14,0,0,0,0,0.15,no_ssl,0.0,0.0,0,0,
test-Ma1-01d83d8bae95fc46a5ab6d10720695f2,0,0.0,0,,1.0,0.0,0.0,0.0,0.0,0.0,0.0,0,3.0,0.0,0.0,0.0,0.0,0.0,0.0,0,0.0,0,0.0,0.783,0.0,,0,0.0,0.0,0,0,1.0,0,0.5,0.5,0.38,0,2,0,0.5,1,0,0.0,,0.9938,0,0,0,0.3684210526315789,1.0,0,pass,pass,none,0,not available,2,0,0,0,0,0.15,no_ssl,0.0,0.0,0,0,
test-Ma1-01e9387704102b8897f722f21885b3fb,0,0.0,0,,1.0,,,,,,,0,,,0.0,0.0,,,,0,0.0,0,,,0.0,,0,0.0,0.0,0,0,1.0,0,0.5,0.5,0.38,1,10,0,0.27,1,0,0.0,,0.7775,0,0,0,0.15746753246753245,1.0,0,pass,neutral,pass,0,not available,9,0,2,0,0,0.69,no_ssl,0.0,0.0,0,0,
test-Ma1-01ff17a2f496479c658a5ddbd7cdb98b,0,0.0,1,,1.0,0.0,0.0,0.0,0.0,0.0,0.0,0,1.0,0.0,0.0,0.0,0.0,0.0,0.0,0,0.0,0,0.0,0.0,0.0,,0,0.0,0.0,0,0,1.0,0,0.15,0.5,0.35,0,0,0,1.0,1,0,0.0,,0.9887,0,0,0,0.02857142857142857,1.0,0,fail,fail,none,1,not available,0,0,0,0,0,1.0,error,0.0,0.0,0,0,
test-Ma1-02b4dc24867516ddd66865bee274ab12,0,0.0,1,,0.0,,,,,,,0,,,0.0,0.0,,,,0,0.0,0,,,0.0,,0,0.0,0.0,0,0,1.0,0,0.15,0.5,0.5,0,0,0,1.0,1,0,0.0,,0.9999,0,0,0,0.07239819004524888,1.0,0,pass,fail,none,1,not available,0,0,0,0,0,1.0,error,0.0,0.0,0,0,
test-Ma1-03f88037b5afabfd2c8340f7dfbeaddb,0,0.0,1,,0.0,0.0,0.0,0.0,0.0,0.0,0.0,0,3.0,0.0,0.0,0.0,0.0,0.0,0.0,0,0.0,0,0.0,0.783,0.0,,0,0.0,0.0,0,0,1.0,0,0.15,0.5,0.5,0,1,0,0.5,1,0,0.0,,0.9963,0,0,0,0.5,1.0,0,none,pass,none,1,not available,1,0,0,0,0,0.15,no_ssl,0.0,0.0,0,0,
test-Ma1-03fdd36dae2f40e701d3bd8093d3c1d4,0,0.0,0,,1.0,,,,,,,0,,,0.0,0.0,,,,0,0.0,0,,,0.0,,0,0.0,0.0,0,0,1.0,0,0.15,0.5,0.5,1,6,0,0.5,1,0,0.0,,0.5958,0,0,0,0.22052067381317,1.0,0,neutral,none,none,1,not available,6,0,2,0,0,0.77,no_ssl,0.0,0.0,0,0,
test-Ma1-04a951f257bd7cb60177fe200ca80f22,0,0.6,0,,1.0,,,,,,,0,,,0.0,0.0,,,,0,0.0,0,,,0.0,,0,0.0,0.87,0,1,0.0,0,0.5,0.5,0.38,1,13,0,0.38,1,0,0.0,,0.9794,0,0,0,0.5919117647058824,1.0,0,neutral,neutral,fail,0,not available,13,0,0,0,0,0.15,no_ssl,0.0,0.0,0,0,
test-Ma1-0a0579a4d998378b157e8959086695d1,0,0.13,0,,0.0,,,,,,,0,,,0.0,0.0,,,,0,0.0,0,,,0.0,,0,0.0,0.13,0,0,1.0,0,0.5,0.5,0.38,1,22,0,0.27,1,0,0.0,,0.9873,0,0,0,0.0,1.0,0,neutral,pass,pass,0,not available,22,0,0,0,0,0.15,no_ssl,0.0,0.0,0,0,
test-Ma1-0a18e6fb902ae75c789a2d05b8327dd2,0,0.0,1,,1.0,,,,,,,0,,,0.0,0.0,,,,0,0.0,0,,,0.0,,0,0.0,0.9,0,0,1.0,0,0.15,0.5,0.55,1,24,0,0.3,1,0,0.0,,0.051,0,0,0,0.4772431729518856,1.0,0,pass,none,pass,1,not available,27,0,0,0,0,0.1,no_ssl,0.0,0.0,0,0,
test-Ma1-0a55e4828e9e723725a15bf5d602e1d8,0,0.0,0,,0.0,0.0,0.0,0.0,0.0,0.0,0.0,0,1.0,0.0,0.0,0.0,0.0,0.0,0.0,0,0.0,0,0.0,0.507,0.0,,0,0.0,0.0,0,0,1.0,0,0.5,0.5,0.38,0,0,0,1.0,1,0,0.0,,0.9881,0,0,0,0.0,1.0,0,none,pass,none,0,not available,0,0,0,0,0,1.0,error,0.0,0.0,0,0,
test-Ma1-0aca21c372878c4538571361d33db2fa,0,0.0,0,,1.0,0.0,0.0,0.0,0.0,0.0,0.0,0,3.0,0.0,0.0,0.0,0.0,0.0,0.0,0,0.0,0,0.0,0.783,0.0,,0,0.0,0.0,0,0,1.0,0,0.1,0.5,0.35,0,2,0,0.5,1,0,0.0,,0.9913,0,0,0,0.6956521739130435,1.0,0,none,none,pass,1,not available,2,0,0,0,0,0.15,no_ssl,0.0,0.0,0,0,
test-Ma1-0b12f2d9f0f353b95b70d239ede608da,0,0.0,1,,1.0,0.0,0.0,0.0,0.0,0.0,0.0,0,1.0,0.0,0.0,0.0,0.0,0.0,0.0,0,0.0,0,0.0,0.0,0.0,,0,0.0,0.13,0,0,1.0,0,0.1,0.5,0.35,0,1,0,0.5,1,0,0.0,,1.0,0,0,0,0.11555555555555556,1.0,0,fail,none,pass,1,not available,1,0,0,0,0,0.15,no_ssl,0.0,0.0,0,0,
test-Ma1-0b1da0917a984eeac6c679ee2b48aec2,0,0.0,1,,0.0,0.0,0.0,0.0,0.0,0.0,0.0,0,1.0,0.0,0.0,0.0,0.0,0.0,0.0,0,0.0,0,0.0,0.0,0.0,,0,0.0,0.88,0,0,1.0,0,0.15,0.5,0.5,0,0,0,1.0,1,0,0.0,,0.9735,0,0,0,0.15544041450777202,1.0,0,none,pass,pass,1,not available,0,0,0,0,0,1.0,error,0.0,0.0,0,0,
test-Ma1-0b21b881eaba2876be14f472d32e41b1,0,0.0,0,,1.0,0.0,0.0,0.0,0.0,0.0,0.0,0,3.0,0.0,0.0,0.0,0.0,0.0,0.0,0,0.0,0,0.0,0.783,0.0,,0,0.0,0.0,0,0,1.0,0,0.15,0.5,0.5,0,1,0,0.5,1,0,0.0,,0.9978,0,0,0,0.0,1.0,0,fail,pass,fail,1,not available,1,0,0,0,0,0.15,no_ssl,0.0,0.0,0,0,
test-Ma1-0b37c3f8506366bfe7eb4472b4be74ec,0,0.0,1,,1.0,0.0,0.0,0.0,0.0,0.0,0.0,0,1.0,0.0,0.0,0.0,0.0,0.0,0.0,0,0.0,0,0.0,0.0,0.0,,0,0.0,0.0,0,0,1.0,0,0.5,0.5,0.38,0,1,0,0.5,1,0,0.0,,1.0,0,0,0,0.06378986866791744,1.0,0,neutral,none,pass,0,not available,1,0,0,0,0,0.15,no_ssl,0.0,0.0,0,0,
test-Ma1-0b9945cb8d14aea13fa2a72e6530d8cc,0,0.08,1,,1.0,0.0,0.0,0.0,0.0,0.0,0.0,0,1.0,0.0,0.0,0.0,0.0,0.0,0.0,0,0.0,0,0.0,0.0,0.0,,0,0.0,0.08,0,0,1.0,0,0.15,0.5,0.55,0,0,0,1.0,1,0,0.0,,0.115,0,0,0,0.19137466307277629,1.0,0,fail,fail,pass,1,not available,0,0,0,0,0,1.0,error,0.0,0.0,0,0,
test-Ma1-0bb6cc3a7a3e08adb67e0f1d8746bca1,0,0.87,1,,1.0,,,,,,,0,,,0.0,0.0,,,,0,0.0,0,,,0.0,,0,0.0,1.0,0,0,1.0,0,0.5,0.5,0.38,0,0,0,1.0,1,0,0.0,,0.0414,0,0,0,0.0036201022146507664,1.0,0,fail,fail,none,0,not available,0,0,0,0,0,1.0,error,0.0,0.0,0,0,
test-Ma1-0bdc0300d261736004ef0e8d6e36992b,0,0.0,0,,1.0,,,,,,,0,,,0.0,0.0,,,,0,0.0,0,,,0.0,,0,0.0,0.0,0,0,1.0,0,0.15,0.5,0.55,1,14,0,0.23,1,0,0.0,,0.8018,0,0,1,0.15249266862170088,1.0,0,none,fail,pass,1,not available,14,0,1,0,0,0.62,no_ssl,0.0,0.5,0,0,
test-Ma1-0c4fe8b9eb82d9e36a626c6932542743,0,0.0,1,,1.0,0.0,0.0,0.0,0.0,0.0,0.0,0,1.0,0.0,0.0,0.0,0.0,0.0,0.0,0,0.0,0,0.0,0.0,0.0,,0,0.0,0.0,0,0,1.0,0,0.15,0.5,0.55,0,0,0,1.0,1,0,0.0,,0.9999,0,0,0,0.18815331010452965,1.0,0,none,neutral,fail,1,not available,0,0,0,0,0,1.0,error,0.0,0.0,0,0,
test-Ma1-0cc6108d53c5edcb06627de5dd167008,0,0.0,0,,0.0,,,,,,,0,,,0.0,0.0,,,,0,0.0,0,,,0.0,,0,0.0,0.0,0,0,1.0,0,0.5,0.5,0.38,1,26,0,0.3,1,0,0.0,,0.0013,0,0,0,0.5757299270072993,1.0,0,neutral,fail,none,0,not available,26,0,0,0,1,0.15,no_ssl,0.0,0.0,0,0,
test-Ma1-0d24328d92e49b4b98bb908fd257d69b,0,0.0,0,,1.0,0.0,0.0,0.0,0.0,0.0,0.0,0,3.0,0.0,0.0,0.0,0.0,0.0,0.0,0,0.0,0,0.0,0.783,0.0,,0,0.0,0.0,0,0,1.0,0,0.15,0.5,0.35,0,1,0,0.5,1,0,0.0,,0.9902,0,0,0,0.2352941176470588,1.0,0,neutral,pass,none,1,not available,1,0,0,0,0,0.15,no_ssl,0.0,0.0,0,0,
test-Ma1-0d5365d6988e4bd329baaa985ad90085,0,0.08,1,,1.0,0.0,0.0,0.0,0.0,0.0,0.0,0,3.0,0.0,0.0,0.0,0.0,0.0,0.0,0,0.0,0,0.0,0.546,0.0,,0,0.0,0.08,0,0,1.0,0,0.5,0.5,0.38,0,2,0,0.33,1,0,0.0,,0.8866,0,0,0,0.137546468401487,1.0,0,pass,pass,fail,0,not available,2,0,2,0,0,0.77,no_ssl,0.0,0.5,0,0,
test-Ma1-0d969dee512d027156bb750d68dcc995,0,0.2,0,,0.0,0.0,0.0,0.0,0.0,0.0,0.0,0,1.0,0.0,0.0,0.0,0.0,0.0,0.0,0,0.0,0,0.0,0.0,0.0,,0,0.0,0.2,0,0,1.0,0,0.15,0.5,0.5,0,1,0,0.5,1,0,0.0,,0.9999,0,0,0,0.15258855585831063,1.0,0,neutral,none,none,1,not available,1,0,0,0,0,0.15,no_ssl,0.0,0.5,0,0,
test-Ma1-0da94b73a57d927b6e49e855f0c03da6,0,0.0,0,,1.0,,,,,,,0,,,0.0,0.0,,,,0,0.0,0,,,0.0,,0,0.0,0.0,0,0,1.0,0,0.1,0.5,0.35,1,47,0,0.49,1,0,0.0,,0.9913,0,0,0,0.7528089887640449,1.0,0,pass,fail,none,1,not available,48,0,0,0,0,0.15,no_ssl,0.0,0.0,0,0,
test-Ma1-0dbf8083c314026c51e30b9e93292f1f,0,0.0,0,,1.0,,,,,,,0,,,0.0,0.0,,,,0,0.0,0,,,0.0,,0,0.0,0.0,0,0,1.0,0,0.15,0.5,0.35,1,4,0,0.45,1,0,0.0,,0.0752,0,0,0,0.2055267702936097,1.0,0,fail,none,none,1,not available,4,0,0,0,0,0.15,no_ssl,0.0,0.5,0,0,
test-Ma1-0df6d16955bd2fd65603d240298d3da9,0,0.6,0,,0.0,,,,,,,0,,,0.0,0.0,,,,0,0.0,0,,,0.0,,0,0.0,0.88,0,0,1.0,0,0.1,0.5,0.35,1,4,0,0.33,1,0,0.0,,0.9111,0,0,0,0.7633333333333335,1.0,0,fail,none,none,1,not available,4,0,0,0,0,0.15,no_ssl,0.0,0.0,0,0,
test-Ma1-0e00c085747bd5061f4b966f1f8a9c09,0,0.0,0,,1.0,0.0,0.0,0.0,0.0,0.0,0.0,0,3.0,0.0,0.0,0.0,0.0,0.0,0.0,0,0.0,0,0.0,0.0,0.0,,0,0.0,0.0,0,0,1.0,0,0.15,0.5,0.35,0,2,0,0.5,1,0,0.0,,0.0191,0,0,0,0.24242424242424243,1.0,0,fail,neutral,none,1,not available,2,0,0,0,0,0.15,no_ssl,0.0,0.0,0,0,
test-Ma1-0e132ee1bb9ad7f9764c6df9b22c7c75,0,0.0,1,,1.0,,,,,,,0,,,0.0,0.0,,,,0,0.0,0,,,0.0,,0,0.0,0.0,0,0,1.0,0,0.1,0.5,0.35,1,3,0,0.33,1,0,0.0,,0.9933,0,0,0,0.6817248459958929,1.0,0,pass,none,fail,1,not available,3,0,2,0,0,0.77,no_ssl,0.0,0.0,0,0,
test-Ma1-0e276843bd2a7e429dca75dc3839c257,0,0.0,0,,1.0,0.0,0.0,0.0,0.0,0.0,0.0,0,3.0,0.0,0.0,0.0,0.0,0.0,0.0,0,0.0,0,0.0,0.339,0.0,,0,0.0,0.0,0,0,1.0,0,0.15,0.5,0.35,0,3,0,0.5,1,0,0.0,,0.9519,0,0,0,0.13145539906103285,1.0,0,neutral,neutral,pass,1,not available,4,0,0,0,0,0.15,no_ssl,0.0,0.0,0,0,
test-Ma1-0e3782ef03d045c42fb80dd06d9a96d3,0,0.0,1,,1.0,,,,,,,0,,,0.0,0.0,,,,0,0.0,0,,,0.0,,0,0.0,0.0,0,0,1.0,0,0.5,0.5,0.38,1,4,0,0.5,1,0,0.0,,0.9998,0,0,0,0.6287878787878788,1.0,0,neutral,none,fail,0,not available,4,0,0,0,0,0.15,no_ssl,0.0,0.0,0,0,
test-Ma1-0e4e024be15a8e67c9d43c414f859a4f,0,0.85,0,,1.0,0.0,0.0,0.0,0.0,0.0,0.0,0,3.0,0.0,0.0,0.0,0.0,0.0,0.0,0,0.0,0,0.0,0.0,0.0,,0,0.0,0.85,0,0,1.0,0,0.15,0.5,0.5,0,1,0,0.5,1,0,0.0,,0.9999,0,0,0,0.19230769230769232,1.0,0,neutral,pass,pass,1,not available,1,0,0,0,0,0.15,no_ssl,0.0,0.0,0,0,
test-Ma1-0e61536f99109a659bbcfddf02213a7b,0,0.0,0,,1.0,0.0,0.0,0.0,0.0,0.0,0.0,0,5.0,0.0,0.0,0.0,0.0,0.0,0.0,0,0.0,0,0.0,0.356,0.0,,0,0.0,0.0,0,0,1.0,0,0.1,0.5,0.35,0,3,0,0.5,1,0,0.0,,0.9576,0,0,0,0.1603053435114504,1.0,0,pass,pass,fail,1,not available,4,0,0,0,0,0.15,no_ssl,0.0,0.5,0,0,
test-Ma1-0e838a9b182175b951a34b38167a9292,0,1.0,0,,0.0,,,,,,,0,,,0.0,0.0,,,,0,0.0,0,,,0.0,,0,0.0,1.0,0,0,1.0,0,0.15,0.5,0.5,0,0,0,1.0,1,0,0.0,,0.9977,0,0,0,0.0,1.0,0,neutral,fail,fail,1,not available,0,0,0,0,0,1.0,error,0.0,0.0,0,0,
test-Ma1-0e83e1d169e5751e4c9b83bc51255bec,0,0.0,1,,0.0,0.0,0.0,0.0,0.0,0.0,0.0,0,1.0,0.0,0.0,0.0,0.0,0.0,0.0,0,0.0,0,0.0,0.0,0.0,,0,0.0,0.0,0,0,1.0,0,0.5,0.5,0.38,0,1,0,0.5,1,0,0.0,,0.0059,0,0,0,0.15000000000000002,1.0,0,neutral,none,fail,0,not available,1,0,0,0,0,0.15,no_ssl,0.0,0.0,0,0,
test-Ma1-0fe4caaecc4e77c9416b8cd0325af968,0,0.6,0,,1.0,0.0,0.0,0.0,0.0,0.0,0.0,0,1.0,0.0,0.0,0.0,0.0,0.0,0.0,0,0.0,0,0.0,0.749,0.0,,0,0.0,1.0,0,0,1.0,0,0.5,0.5,0.38,0,0,0,1.0,1,0,0.0,,0.9999,0,0,0,0.1519434628975265,1.0,0,pass,pass,fail,0,not available,0,0,0,0,0,1.0,error,0.0,0.0,0,0,
test-Ma1-0fe563031361fd40ce0c5fec9f9cee78,0,0.0,0,,1.0,,,,,,,0,,,0.0,0.0,,,,0,0.0,0,,,0.0,,0,0.0,0.0,0,0,1.0,0,0.15,0.5,0.55,1,16,0,0.25,1,0,0.0,,0.902,0,0,0,0.6474820143884892,1.0,0,pass,fail,none,1,not available,16,0,0,0,0,0.15,no_ssl,0.0,0.0,0,0,
test-Ma1-1a4c20908ead7a1acf0fcbaa7a1b3319,0,0.0,1,,1.0,0.0,0.0,0.0,0.0,0.0,0.0,0,1.0,0.0,0.0,0.0,0.0,0.0,0.0,0,0.0,0,0.0,0.0,0.0,,0,0.0,0.0,0,0,1.0,0,0.5,0.5,0.38,0,1,0,0.5,1,0,0.0,,0.9898,0,0,0,0.13084112149532712,1.0,0,pass,fail,fail,0,not available,1,0,0,0,0,0.15,no_ssl,0.0,0.0,0,0,
test-Ma1-1a59f25a951a6477aed0c78ce2037dbc,0,0.0,0,,1.0,,,,,,,0,,,0.0,0.0,,,,0,0.0,0,,,0.0,,0,0.0,0.0,0,0,1.0,0,0.15,0.5,0.35,1,6,0,0.5,1,0,0.0,,0.0796,0,0,0,0.12447552447552448,1.0,0,pass,pass,fail,1,not available,5,0,0,0,0,0.15,no_ssl,0.0,0.5,0,0,
test-Ma1-1a9cbebc84d1cd92e195e4f7b5f1f0e5,0,0.0,1,,0.0,,,,,,,0,,,0.0,0.0,,,,0,0.0,0,,,0.0,,0,0.0,0.0,0,0,1.0,0,0.15,0.5,0.35,1,2,0,0.5,1,0,0.0,,0.7785,0,0,0,0.2463592233009709,1.0,0,neutral,neutral,none,1,not available,2,0,0,0,0,0.15,no_ssl,0.0,0.0,0,0,
test-Ma1-1aa5b0df2ec7088861524837f1c2ea07,0,0.0,0,,1.0,,,,,,,0,,,0.0,0.0,,,,0,0.0,0,,,0.0,,0,0.0,0.0,0,0,1.0,0,0.15,0.5,0.5,1,9,0,0.38,1,0,0.0,,0.4776,0,0,0,0.543046357615894,1.0,0,pass,pass,fail,1,not available,9,0,1,0,0,0.78,no_ssl,0.0,0.0,0,0,
test-Ma1-1b5fa58e61aae49a15c9e41f6db0f34a,0,1.0,0,,1.0,,,,,,,0,,,0.0,0.0,,,,0,0.0,0,,,0.0,,0,0.0,1.0,0,0,1.0,0,0.5,0.5,0.38,1,2,0,0.25,1,0,0.0,,0.9667,0,0,0,0.2384937238493724,1.0,0,pass,neutral,pass,0,not available,2,0,2,0,0,0.77,no_ssl,0.0,0.0,0,0,
test-Ma1-1b866763fd1bb84544cf2278c5662677,0,0.0,1,,1.0,,,,,,,0,,,0.0,0.0,,,,0,0.0,0,,,0.0,,0,0.0,0.0,0,0,1.0,0,0.15,0.5,0.55,1,4,0,0.33,1,0,0.0,,0.8679,0,0,0,0.7845117845117848,1.0,0,fail,fail,fail,1,not available,4,0,2,0,0,0.77,no_ssl,0.0,0.0,0,0,
test-Ma1-1b9374b3e080eb80e1c24f94bfed0064,0,0.0,1,,1.0,0.0,0.0,0.0,0.0,0.0,0.0,0,1.0,0.0,0.0,0.0,0.0,0.0,0.0,0,0.0,0,0.0,0.0,0.0,,0,0.0,0.0,0,0,1.0,0,0.15,0.5,0.5,0,1,0,0.5,1,0,0.0,,0.9983,0,0,0,0.9563106796116504,1.0,0,neutral,fail,pass,1,not available,1,0,0,0,0,0.15,no_ssl,0.0,0.0,0,0,
test-Ma1-1cc042acfd5349344e2ae5f6a9c6e536,0,0.0,0,,1.0,,,,,,,0,,,0.0,0.0,,,,0,0.0,0,,,0.0,,0,0.0,0.0,0,0,1.0,0,0.15,0.5,0.35,1,1,0,0.5,1,0,0.0,,0.9902,0,0,0,0.3082901554404145,1.0,0,neutral,none,fail,1,not available,1,0,0,0,0,0.15,no_ssl,0.0,0.0,0,0,
test-Ma1-1d5ad334e63d438ea071f97331f0d28d,0,0.0,1,,0.0,,,,,,,0,,,0.0,0.0,,,,0,0.0,0,,,0.0,,0,1.0,0.0,0,0,1.0,0,0.15,0.5,0.35,1,1,0,0.05,1,0,0.0,,0.9574,0,0,1,0.32496940024479803,1.0,0,fail,fail,fail,1,not available,1,0,1,0,0,0.63,no_ssl,0.0,0.0,0,0,
test-Ma1-1d945308f01057b605da733f7b3a2177,0,0.08,0,,1.0,,,,,,,0,,,0.0,0.0,,,,0,0.0,0,,,0.0,,0,0.0,0.08,0,0,1.0,0,0.15,0.5,0.55,1,3,0,0.33,1,0,0.0,,0.9881,0,0,0,0.6558704453441293,1.0,0,none,none,none,1,not available,3,0,0,0,0,0.15,no_ssl,0.0,0.0,0,0,
test-Ma1-1dcdcfd43d17068d1117dbb0f247f119,0,0.0,1,,1.0,,,,,,,0,,,0.0,0.0,,,,0,0.0,0,,,0.0,,0,0.0,0.0,0,0,1.0,0,0.15,0.5,0.5,1,30,0,0.42,1,0,0.0,,0.5647,0,0,0,0.4292682926829269,1.0,0,pass,neutral,pass,1,not available,30,0,1,0,0,0.62,no_ssl,0.0,0.5,0,0,
test-Ma1-1dcfbc3adea3792362e7d2740b0fbc4e,0,0.6,0,,1.0,0.0,0.0,0.0,0.0,0.0,0.0,0,3.0,0.0,0.0,0.0,0.0,0.0,0.0,0,0.0,0,0.0,0.77,0.0,,0,0.0,1.0,0,0,1.0,0,0.15,0.5,0.55,0,1,0,0.5,1,0,0.0,,0.9945,0,0,0,0.12208258527827648,1.0,0,fail,pass,fail,1,not available,1,0,0,0,0,0.15,no_ssl,0.0,0.0,0,0,
test-Ma1-1dd9f6e35d8123b748c1df72d321a6d2,0,0.0,0,,1.0,,,,,,,0,,,0.0,0.0,,,,0,0.0,0,,,0.0,,0,0.0,0.0,0,0,1.0,0,0.15,0.5,0.5,0,0,0,1.0,1,0,0.0,,0.9966,0,0,0,0.2579650565262076,1.0,0,fail,fail,fail,1,not available,0,0,0,0,0,1.0,error,0.0,0.0,0,0,
test-Ma1-1de62fc9755701c471d67cf96589178a,0,0.0,0,,1.0,,,,,,,0,,,0.0,0.0,,,,0,0.0,0,,,0.0,,0,0.0,0.0,0,0,1.0,0,0.1,0.5,0.35,1,18,0,0.18,1,0,0.0,,0.5392,0,0,1,0.19614147909967847,1.0,0,pass,neutral,fail,1,not available,18,0,1,0,0,0.77,no_ssl,0.0,0.0,0,0,
test-Ma1-1df2157922ab455d6f6f79cf185ac171,0,0.15,1,,0.0,0.0,0.0,0.0,0.0,0.0,0.0,0,1.0,0.0,0.0,0.0,0.0,0.0,0.0,0,0.0,0,0.0,0.0,0.0,,0,0.0,0.0,0,0,1.0,0,0.1,0.5,0.35,0,0,0,1.0,1,0,0.0,,0.9954,0,0,0,0.0,1.0,0,pass,none,none,1,not available,0,0,0,0,0,1.0,error,0.0,0.0,0,0,
test-Ma1-1e0e309b6556c6ca5b7551f620ff98c5,0,0.0,1,,1.0,,,,,,,0,,,0.0,0.0,,,,0,0.0,0,,,0.0,,0,0.0,0.0,0,0,1.0,0,0.1,0.5,0.35,1,24,0,0.25,1,0,0.0,,0.9707,0,0,0,0.526950354609929,1.0,0,pass,fail,none,1,not available,24,0,1,0,0,0.63,no_ssl,0.0,0.0,0,0,
test-Ma1-1e857c113b85e4d9ca04a66bb80cc797,0,0.9,1,,1.0,0.0,0.0,0.0,0.0,0.0,0.0,0,1.0,0.0,0.0,0.0,0.0,0.0,0.0,0,0.0,0,0.0,0.0,0.0,,0,0.0,1.0,0,0,1.0,0,0.15,0.5,0.35,0,1,0,0.5,1,0,0.0,,0.9999,0,0,0,0.5396039603960396,1.0,0,none,fail,fail,1,not available,1,0,0,0,0,0.15,no_ssl,0.0,0.0,0,0,
test-Ma1-1f99249cde871ce0d0e0feb2fc3858fd,0,0.0,1,,1.0,0.0,0.0,0.0,0.0,0.0,0.0,0,3.0,0.0,0.0,0.0,0.0,0.0,0.0,0,0.0,0,0.0,0.748,0.0,,0,0.0,1.0,0,0,1.0,0,0.15,0.5,0.55,0,1,0,0.5,1,0,0.0,,0.8008,0,0,0,0.09022556390977444,1.0,0,neutral,neutral,pass,1,not available,1,0,0,0,0,0.15,no_ssl,0.0,0.0,0,0,
test-Ma1-1fed174a4efef77c78d10d41c517108a,0,0.0,1,,1.0,0.0,0.0,0.0,0.0,0.0,0.0,0,1.0,0.0,0.0,0.0,0.0,0.0,0.0,0,0.0,0,0.0,0.16,0.0,,0,0.0,1.0,0,0,1.0,0,0.15,0.5,0.35,0,1,0,0.5,1,0,0.0,,0.2494,0,0,0,0.112,1.0,0,neutral,fail,fail,1,not available,1,0,0,0,0,0.15,no_ssl,0.0,0.0,0,0,
test-Ma1-1fedd6ff0afc34c3ee429a732036846b,0,0.55,0,,1.0,,,,,,,0,,,0.0,0.0,,,,0,0.0,0,,,0.0,,0,0.0,1.0,0,0,1.0,0,0.5,0.5,0.38,1,5,0,0.3,1,0,0.0,,0.9357,0,0,0,0.3287671232876712,1.0,0,pass,pass,fail,0,not available,5,0,2,0,0,0.77,no_ssl,0.0,0.0,0,0,
test-Ma1-2b4a41434b56d4e3a05f1a13f72e274d,0,0.0,1,,1.0,,,,,,,0,,,0.0,0.0,,,,0,0.0,0,,,0.0,,0,0.0,0.0,0,0,1.0,0,0.15,0.5,0.5,1,4,0,0.33,1,0,0.0,,0.996,0,0,0,0.35555555555555557,1.0,0,fail,pass,pass,1,not available,4,0,2,0,0,0.77,no_ssl,0.0,0.0,0,0,
test-Ma1-2b84ac6e0429d50a2a29100ff8260ba2,0,0.0,0,,1.0,,,,,,,0,,,0.0,0.0,,,,0,0.0,0,,,0.0,,0,0.0,0.0,0,1,0.0,0,0.5,0.5,0.38,1,22,0,0.4,1,0,0.0,,0.2278,0,0,0,0.1574286651361102,1.0,0,fail,fail,pass,0,not available,22,0,0,0,0,0.15,no_ssl,0.0,0.0,0,0,
test-Ma1-2b9ffd16146f64aa4aab8c9572aa27d4,0,0.0,1,,1.0,,,,,,,0,,,0.0,0.0,,,,0,0.0,0,,,0.0,,0,0.0,0.0,0,0,1.0,0,0.15,0.5,0.5,1,1,0,1.0,1,0,0.0,,0.7909,0,0,0,0.5230769230769231,1.0,0,none,pass,fail,1,not available,1,0,0,0,0,0.1,no_ssl,0.0,0.5,0,0,
test-Ma1-2bf6e6eafb943ff9e38d7947630088f4,0,0.08,0,,0.0,0.0,0.0,0.0,0.0,0.0,0.0,0,1.0,0.0,0.0,0.0,0.0,0.0,0.0,0,0.0,0,0.0,0.0,0.0,,0,0.0,0.08,0,0,1.0,0,0.1,0.5,0.35,0,0,0,1.0,1,0,0.0,,0.0283,0,0,0,0.0,1.0,0,neutral,fail,pass,1,not available,0,0,0,0,0,1.0,error,0.0,0.0,0,0,
test-Ma1-2c81019331482eb48bd19cd72ea4ee88,0,0.08,0,,1.0,,,,,,,0,,,0.0,0.0,,,,0,0.0,0,,,0.0,,0,0.0,0.08,0,0,1.0,0,0.15,0.5,0.35,1,20,0,0.4,1,0,0.0,,0.9931,0,0,1,0.28772635814889336,1.0,0,fail,neutral,none,1,not available,20,0,0,0,0,0.15,no_ssl,0.0,0.0,0,0,
test-Ma1-2d3ec37fadbe0f2a0b27248ac3b2a948,0,0.85,0,,1.0,,,,,,,0,,,0.0,0.0,,,,0,0.0,0,,,0.0,,0,0.0,0.0,0,1,0.92,0,0.15,0.5,0.55,1,3,0,0.47,1,0,0.0,,0.9948,0,0,0,0.0,1.0,0,fail,none,fail,1,not available,3,0,0,0,0,0.77,no_ssl,0.0,0.0,0,0,
test-Ma1-2d605e4296ea91a69142c2a68f8b525f,0,0.0,1,,1.0,,,,,,,0,,,0.0,0.0,,,,0,0.0,0,,,0.0,,0,0.0,0.0,0,0,1.0,0,0.15,0.5,0.5,1,8,0,0.07,1,0,0.0,,0.3632,0,0,0,0.895184135977337,1.0,0,fail,neutral,fail,1,not available,8,0,2,0,1,0.77,no_ssl,0.0,0.0,0,0,
test-Ma1-2de2011156db36ce1fa7bae30b6fcb0e,0,0.85,0,,0.0,,,,,,,0,,,0.0,0.0,,,,0,0.0,0,,,0.0,,0,0.0,0.85,0,0,1.0,0,0.15,0.5,0.5,1,3,0,0.33,1,0,0.0,,0.984,0,0,0,0.3695652173913044,1.0,0,fail,fail,none,1,not available,3,0,2,0,0,0.77,no_ssl,0.0,0.0,0,0,
test-Ma1-2e092312799424194dc9f962a7b22a3a,0,0.0,1,,1.0,0.0,0.0,0.0,0.0,0.0,0.0,0,1.0,0.0,0.0,0.0,0.0,0.0,0.0,0,0.0,0,0.0,0.0,0.0,,0,0.0,0.0,0,0,1.0,0,0.1,0.5,0.35,0,1,0,0.5,1,0,0.0,,0.9963,0,0,0,0.20212765957446807,1.0,0,neutral,fail,none,1,not available,1,0,0,0,0,0.15,no_ssl,0.0,0.0,0,0,
test-Ma1-2e759a701809e268e907aafb971d4525,0,0.08,0,,0.0,,,,,,,0,,,0.0,0.0,,,,0,0.0,0,,,0.0,,0,0.0,0.08,0,0,1.0,0,0.15,0.5,0.35,1,7,0,0.38,1,0,0.0,,0.8793,0,0,0,0.2571428571428572,1.0,0,pass,neutral,pass,1,not available,7,0,0,0,0,0.63,no_ssl,0.0,0.5,0,0,
test-Ma1-2e8dcdee5b9bca686c1c6a0d1d03e4b8,0,0.88,0,,1.0,,,,,,,0,,,0.0,0.0,,,,0,0.0,0,,,0.0,,0,0.0,0.88,0,0,1.0,0,0.15,0.5,0.35,1,2,0,0.32,1,0,0.0,,0.9051,0,0,0,0.3148614609571788,1.0,0,neutral,pass,fail,1,not available,2,0,2,0,0,0.63,no_ssl,0.0,0.0,0,0,
test-Ma1-2ee3d7abe6d2588d037d55ad3abbde76,0,0.0,1,,1.0,,,,,,,0,,,0.0,0.0,,,,0,0.0,0,,,0.0,,0,0.0,0.0,0,0,1.0,0,0.1,0.5,0.35,1,15,0,0.23,1,0,0.0,,0.2454,0,0,1,0.4087363494539782,1.0,0,neutral,pass,pass,1,not available,15,0,0,0,1,0.62,no_ssl,0.0,0.0,0,0,
test-Ma1-2ef63cedc7e56f9c0a1499fe66e6f9e4,0,0.0,1,,0.0,0.0,0.0,0.0,0.0,0.0,0.0,0,1.0,0.0,0.0,0.0,0.0,0.0,0.0,0,0.0,0,0.0,0.749,0.0,,0,0.0,0.0,0,0,1.0,0,0.15,0.5,0.35,0,0,0,1.0,1,0,0.0,,1.0,0,0,0,0.2573454913880446,1.0,0,fail,pass,pass,1,not available,0,0,0,0,0,1.0,error,0.0,0.0,0,0,
test-Ma1-2f3c838ccb56c86f138fe88e90f5648c,0,0.0,1,,0.0,,,,,,,0,,,0.0,0.0,,,,0,0.0,0,,,0.0,,0,0.0,0.0,0,0,1.0,0,0.15,0.5,0.5,1,19,0,0.25,1,0,0.0,,0.6718,0,0,0,0.6464924346629987,1.0,0,fail,none,fail,1,not available,19,0,1,0,0,0.62,no_ssl,0.0,0.0,0,0,
test-Ma1-2f9d530b81dca674b7599f0c49b6ee70,0,0.85,0,,1.0,,,,,,,0,,,0.0,0.0,,,,0,0.0,0,,,0.0,,0,0.0,0.0,0,0,1.0,0,0.15,0.5,0.55,1,4,0,0.5,1,0,0.0,,0.5229,0,0,0,0.34561752988047806,1.0,0,neutral,pass,pass,1,not available,4,0,0,0,0,0.15,no_ssl,0.0,0.0,0,0,
test-Ma1-2fa87e9e2d3d6c9eb3fb57a1508277fc,0,0.0,1,,1.0,,,,,,,0,,,0.0,0.0,,,,0,0.0,0,,,0.0,,0,0.0,0.0,0,0,1.0,0,0.15,0.5,0.55,0,0,0,1.0,1,0,0.0,,0.9996,0,0,0,0.5217391304347826,1.0,0,none,neutral,fail,1,not available,0,0,0,0,0,1.0,error,0.0,0.0,0,0,
test-Ma1-3a0fba9c6e48b08139fd505e1efa6aa9,0,0.08,1,,0.0,,,,,,,0,,,0.0,0.0,,,,0,0.0,0,,,0.0,,0,0.0,0.08,0,0,1.0,0,0.5,0.5,0.38,0,0,0,1.0,1,0,0.0,,0.2689,0,0,0,0.25080385852090037,1.0,0,none,none,fail,0,not available,0,0,0,0,0,1.0,error,0.0,0.0,0,0,
test-Ma1-3a26e2824f20e83a50063cdc3122f5a8,0,0.0,1,,1.0,,,,,,,0,,,0.0,0.0,,,,0,0.0,0,,,0.0,,0,0.0,0.0,0,0,1.0,0,0.15,0.5,0.35,1,18,0,0.25,1,0,0.0,,0.94,0,0,0,0.649793388429752,1.0,0,none,none,pass,1,not available,18,0,0,0,0,0.15,no_ssl,0.0,0.0,0,0,
test-Ma1-3a2d86f1a7d3f647f2f4846028d50939,0,0.9,0,,1.0,0.0,0.0,0.0,0.0,0.0,0.0,0,3.0,0.0,0.0,0.0,0.0,0.0,0.0,0,0.0,0,0.0,0.341,0.0,,0,0.0,0.08,0,0,1.0,0,0.15,0.5,0.35,0,3,0,0.5,1,0,0.0,,0.9961,0,0,0,0.0,1.0,0,pass,pass,fail,1,not available,4,0,0,0,0,0.15,no_ssl,0.0,0.0,0,0,
test-Ma1-3aa14a119071fe64310a8374df233571,0,0.55,1,,1.0,0.0,0.0,0.0,0.0,0.0,0.0,0,1.0,0.0,0.0,0.0,0.0,0.0,0.0,0,0.0,0,0.0,0.159,0.0,,0,0.0,0.0,0,0,1.0,0,0.15,0.5,0.55,0,0,0,1.0,1,0,0.0,,1.0,0,0,0,0.08930232558139534,1.0,0,neutral,neutral,none,1,not available,0,0,0,0,0,1.0,error,0.0,0.0,0,0,
test-Ma1-3b19bdef198d935380f79bd77a7f1a27,0,0.6,1,,0.0,,,,,,,0,,,0.0,0.0,,,,0,0.0,0,,,0.0,,0,0.0,1.0,0,0,1.0,0,0.15,0.5,0.35,1,17,0,0.38,1,0,0.0,,0.6073,0,0,0,0.3771186440677966,1.0,0,fail,neutral,none,1,not available,17,0,0,0,0,0.15,no_ssl,0.0,0.0,0,0,
test-Ma1-3b72b9248dfcb641cb867d7738bc1023,0,0.0,1,,0.0,,,,,,,0,,,0.0,0.0,,,,0,0.0,0,,,0.0,,0,0.0,0.0,0,0,1.0,0,0.15,0.5,0.5,1,6,0,0.42,1,0,0.0,,0.9079,0,0,0,0.36286919831223624,1.0,0,fail,none,pass,1,not available,6,0,0,0,0,0.15,no_ssl,0.0,0.0,0,0,
test-Ma1-3c090c577161d0b7876dd126aa0a8381,0,0.85,0,,1.0,0.0,0.0,0.0,0.0,0.0,0.0,0,5.0,0.0,0.0,0.0,0.0,0.0,0.0,0,0.0,0,0.0,0.0,0.0,,0,0.0,0.0,0,0,1.0,0,0.15,0.5,0.55,0,0,0,1.0,1,0,0.0,,0.8927,0,0,0,0.0,1.0,0,none,pass,pass,1,not available,0,0,0,0,0,1.0,error,0.0,0.0,0,0,
test-Ma1-3c1203f61410b08406bfb09ba67d7ab6,0,0.6,0,,0.0,0.0,0.0,0.0,0.0,0.0,0.0,0,1.0,0.0,0.0,0.0,0.0,0.0,0.0,0,0.0,0,0.0,0.0,0.0,,0,0.0,1.0,0,0,1.0,0,0.5,0.5,0.38,0,0,0,1.0,1,0,0.0,,0.9999,0,0,0,0.08270676691729324,1.0,0,pass,pass,none,0,not available,0,0,0,0,0,1.0,error,0.0,0.0,0,0,
test-Ma1-3d132b613292ad2d2228a5df20571f70,0,1.0,0,,0.0,,,,,,,0,,,0.0,0.0,,,,0,0.0,0,,,0.0,,0,0.0,1.0,0,0,1.0,0,0.5,0.5,0.38,1,1,0,0.5,1,0,0.0,,0.9829,0,0,0,0.7194092827004216,1.0,0,neutral,none,pass,0,not available,1,0,0,0,0,0.15,no_ssl,0.0,0.0,0,0,
test-Ma1-3d1795b4bde017d4f60fda5606863af1,0,0.73,0,,1.0,,,,,,,0,,,0.0,0.0,,,,0,0.0,0,,,0.0,,0,0.0,0.0,0,0,1.0,0,0.15,0.5,0.5,1,3,0,0.33,1,0,0.0,,0.9178,0,0,0,0.46180555555555586,1.0,0,fail,fail,none,1,not available,3,0,2,0,0,0.77,no_ssl,0.0,0.0,0,0,
test-Ma1-3d2ad2281bd240732fedf60d124c2d07,0,0.7,1,,1.0,,,,,,,0,,,0.0,0.0,,,,0,0.0,0,,,0.0,,0,0.0,0.85,0,0,1.0,0,0.15,0.5,0.5,1,24,0,0.48,1,0,0.0,,0.9756,0,0,0,0.5818452380952381,1.0,0,fail,none,fail,1,not available,24,0,0,0,0,0.77,no_ssl,0.0,0.0,0,0,
test-Ma1-3d4abfdaa37b84048376a8221734f239,0,0.85,1,,1.0,,,,,,,0,,,0.0,0.0,,,,0,0.0,0,,,0.0,,0,0.0,1.0,0,0,1.0,0,0.5,0.5,0.38,1,6,0,0.5,1,0,0.0,,0.7099,0,0,0,0.5406427221172023,1.0,0,none,none,pass,0,not available,6,0,0,0,0,0.15,no_ssl,0.0,0.5,0,0,
test-Ma1-3d55ba5d90f58c98eb78a4982acb21a6,0,0.08,0,,1.0,0.0,0.0,0.0,0.0,0.0,0.0,0,3.0,0.0,0.0,0.0,0.0,0.0,0.0,0,0.0,0,0.0,0.0,0.0,,0,0.0,0.08,0,0,1.0,0,0.5,0.5,0.38,0,0,0,1.0,1,0,0.0,,0.9996,0,0,0,0.0,1.0,0,fail,fail,pass,0,not available,0,0,0,0,0,1.0,error,0.0,0.0,0,0,
test-Ma1-3d9243e18b463fbf197663939903fa3c,0,0.0,0,,1.0,0.0,0.0,0.0,0.0,0.0,0.0,0,3.0,0.0,0.0,0.0,0.0,0.0,0.0,0,0.0,0,0.0,0.0,0.0,,0,0.0,0.0,0,0,1.0,0,0.15,0.5,0.5,0,2,0,0.5,1,0,0.0,,0.9926,0,0,0,0.4733096085409253,1.0,0,none,pass,pass,1,not available,2,0,0,0,0,0.15,no_ssl,0.0,0.0,0,0,
test-Ma1-3da0e674ca3a550ae03303a4ff274e7c,0,0.0,0,,0.0,0.0,0.0,0.0,0.0,0.0,0.0,0,1.0,0.0,0.0,0.0,0.0,0.0,0.0,0,0.0,0,0.0,0.0,0.0,,0,0.0,0.0,0,0,1.0,0,0.15,0.5,0.5,0,1,0,0.5,1,0,0.0,,0.0865,0,0,0,0.14336917562724014,1.0,0,none,none,pass,1,not available,1,0,0,0,0,0.15,no_ssl,0.0,0.0,0,0,
test-Ma1-3decf2339577af98e39e91a58c1c0f08,0,0.08,1,,0.0,0.0,0.0,0.0,0.0,0.0,0.0,0,1.0,0.0,0.0,0.0,0.0,0.0,0.0,0,0.0,0,0.0,0.0,0.0,,0,0.0,0.08,0,0,1.0,0,0.1,0.5,0.35,0,1,0,0.5,1,0,0.0,,1.0,0,0,0,0.30303030303030304,1.0,0,pass,pass,pass,1,not available,1,0,0,0,0,0.15,no_ssl,0.0,0.0,0,0,
test-Ma1-3e72ac30897c28c1d7dab6d4e77a94ea,0,0.6,1,,1.0,,,,,,,0,,,0.0,0.0,,,,0,0.0,0,,,0.0,,0,0.0,1.0,0,0,1.0,0,0.15,0.5,0.55,1,7,0,0.2,1,0,0.0,,0.9843,0,0,0,0.44416243654822335,1.0,0,none,none,none,1,not available,7,0,0,0,0,0.15,no_ssl,0.0,0.5,0,0,
test-Ma1-3ec5b6466b9dfe15fda01140766d9c4b,0,0.87,1,,1.0,0.0,0.0,0.0,0.0,0.0,0.0,0,3.0,0.0,0.0,0.0,0.0,0.0,0.0,0,0.0,0,0.0,0.331,0.0,,0,0.0,1.0,0,0,1.0,0,0.5,0.5,0.38,0,3,0,0.5,1,0,0.0,,0.9863,0,0,0,0.19090909090909092,1.0,0,pass,neutral,none,0,not available,3,0,0,0,0,0.15,no_ssl,0.0,0.5,0,0,
test-Ma1-3f1be9c28816754de7604a4d01c41739,0,0.6,0,,1.0,,,,,,,0,,,0.0,0.0,,,,0,0.0,0,,,0.0,,0,0.0,1.0,0,0,1.0,0,0.15,0.5,0.55,1,1,0,0.5,1,0,0.0,,0.8261,0,0,0,0.46941176470588264,1.0,0,neutral,fail,pass,1,not available,1,0,0,0,0,0.15,no_ssl,0.0,0.0,0,0,
test-Ma1-3f3a11b42524017458b8224f53c4a3ab,0,0.92,0,,0.0,0.0,0.0,0.0,0.0,0.0,0.0,0,1.0,0.0,0.0,0.0,0.0,0.0,0.0,0,0.0,0,0.0,0.0,0.0,,0,0.0,0.92,0,0,1.0,0,0.1,0.5,0.35,0,0,0,1.0,1,0,0.0,,1.0,0,0,0,0.13021363173957276,1.0,0,none,none,fail,1,not available,0,0,0,0,0,1.0,error,0.0,0.0,0,0,
test-Ma1-3f62adc06b4aa2806da9c7a151950999,0,0.8,0,,1.0,,,,,,,0,,,0.0,0.0,,,,0,0.0,0,,,0.0,,0,0.0,0.8,0,0,1.0,0,0.15,0.5,0.35,0,1,0,1.0,1,0,0.0,,0.9082,0,0,0,0.10866372980910428,1.0,0,pass,none,fail,1,not available,1,0,0,0,0,0.15,no_ssl,0.0,0.0,0,0,
test-Ma1-3f919dcff46ba5b1764d8e2e975d5b84,0,0.85,1,,1.0,,,,,,,0,,,0.0,0.0,,,,0,0.0,0,,,0.0,,0,0.0,0.0,0,0,1.0,0,0.15,0.5,0.55,1,5,0,0.35,1,0,0.0,,0.7541,0,0,0,0.2836879432624113,1.0,0,pass,fail,fail,1,not available,5,0,2,0,0,0.77,no_ssl,0.0,0.0,0,0,
test-Ma1-3fac32eb2127cc871434dc5c11d4c9ab,0,0.0,1,,0.0,0.0,0.0,0.0,0.0,0.0,0.0,0,3.0,0.0,0.0,0.0,0.0,0.0,0.0,0,0.0,0,0.0,0.337,0.0,,0,0.0,0.0,0,0,1.0,0,0.5,0.5,0.38,0,3,0,0.5,1,0,0.0,,0.9997,0,0,0,0.08620689655172414,1.0,0,neutral,none,none,0,not available,3,0,0,0,0,0.15,no_ssl,0.0,0.5,0,0,
test-Ma1-04c4bae8ec46bda78fc6903ddca6a135,0,0.85,0,,1.0,,,,,,,0,,,0.0,0.0,,,,0,0.0,0,,,0.0,,0,0.0,0.0,0,0,1.0,0,0.1,0.5,0.35,1,4,0,0.33,1,0,0.0,,0.9115,0,0,0,0.75702479338843,1.0,0,neutral,pass,pass,1,not available,5,0,0,0,0,0.15,no_ssl,0.0,0.0,0,0,
test-Ma1-05ff5563a37e7c452141c23d30e2ffc9,0,0.0,1,,1.0,,,,,,,0,,,0.0,0.0,,,,0,0.0,0,,,0.0,,0,0.0,0.0,0,0,1.0,0,0.15,0.5,0.55,1,9,0,0.33,1,0,0.0,,0.9388,0,0,0,0.4373177842565598,1.0,0,fail,none,none,1,not available,9,0,2,0,0,0.77,no_ssl,0.0,0.0,0,0,
test-Ma1-07a16ac98fb72f535384c586b1967874,0,0.0,1,,1.0,,,,,,,0,,,0.0,0.0,,,,0,0.0,0,,,0.0,,0,0.0,0.0,0,1,0.0,0,0.1,0.5,0.35,1,3,0,0.37,1,0,0.0,,0.9977,0,0,0,0.5031746031746032,1.0,0,none,fail,none,1,not available,3,0,0,0,1,0.15,no_ssl,0.0,0.0,0,0,
test-Ma1-07a6629ee38f27d1ae851ad70cb309d9,0,0.0,0,,0.0,0.0,0.0,0.0,0.0,0.0,0.0,0,3.0,0.0,0.0,0.0,0.0,0.0,0.0,0,0.0,0,0.0,0.558,0.0,,0,0.0,0.0,0,0,1.0,0,0.5,0.5,0.38,0,1,0,0.5,1,0,0.0,,0.2588,0,0,0,0.08527131782945736,1.0,0,pass,pass,pass,0,not available,1,0,0,0,0,0.15,no_ssl,0.0,0.0,0,0,
test-Ma1-07b6b8d20e35d6b8a50d8d509cded879,0,0.0,1,,0.0,0.0,0.0,0.0,0.0,0.0,0.0,0,3.0,0.0,0.0,0.0,0.0,0.0,0.0,0,0.0,0,0.0,0.0,0.0,,0,0.0,0.0,0,0,1.0,0,0.15,0.5,0.5,0,1,0,0.5,1,0,0.0,,0.9736,0,0,0,0.2167487684729064,1.0,0,none,none,pass,1,not available,1,0,0,0,0,0.15,no_ssl,0.0,0.0,0,0,
test-Ma1-07c2c8faffb7c40ce35af8703620f735,0,0.0,1,,1.0,0.0,0.0,0.0,0.0,0.0,0.0,0,3.0,0.0,0.0,0.0,0.0,0.0,0.0,0,0.0,0,0.0,0.783,0.0,,0,0.0,0.0,0,0,1.0,0,0.15,0.5,0.5,0,1,0,0.5,1,0,0.0,,0.9976,0,0,0,0.21052631578947367,1.0,0,none,pass,fail,1,not available,1,0,0,0,0,0.15,no_ssl,0.0,0.0,0,0,
test-Ma1-07c9d918b539aa008ad77b7d394ca635,0,0.0,1,,1.0,,,,,,,0,,,0.0,0.0,,,,0,0.0,0,,,0.0,,0,0.0,0.0,0,0,1.0,0,0.1,0.5,0.35,1,21,0,0.3,1,0,0.0,,0.9568,0,0,0,0.2081218274111675,1.0,0,fail,pass,pass,1,not available,24,0,0,0,0,0.15,no_ssl,0.0,0.5,0,0,
test-Ma1-08bdb780436577f14fac3dc5fdeace07,0,0.85,0,,0.0,,,,,,,0,,,0.0,0.0,,,,0,0.0,0,,,0.0,,0,0.0,0.85,0,0,1.0,0,0.15,0.5,0.5,1,9,0,0.39,1,0,0.0,,0.0811,0,0,0,0.4549763033175355,1.0,0,fail,pass,fail,1,not available,9,0,0,0,1,0.63,no_ssl,0.0,0.0,0,0,
test-Ma1-09a4efa773e931f2190e235aff5e1d51,0,0.0,0,,1.0,0.0,0.0,0.0,0.0,0.0,0.0,0,1.0,0.0,0.0,0.0,0.0,0.0,0.0,0,0.0,0,0.0,0.0,0.0,,0,0.0,0.0,0,0,1.0,0,0.15,0.5,0.55,0,0,0,1.0,1,0,0.0,,0.1645,0,0,0,0.23027718550106613,1.0,0,pass,none,pass,1,not available,0,0,0,0,0,1.0,error,0.0,0.0,0,0,
test-Ma1-09b715cb69c836d81a3516cb3f0dc2f2,0,0.0,1,,0.0,0.0,0.0,0.0,0.0,0.0,0.0,0,1.0,0.0,0.0,0.0,0.0,0.0,0.0,0,0.0,0,0.0,0.0,0.0,,0,0.0,0.0,0,0,1.0,0,0.15,0.5,0.35,0,1,0,0.5,1,0,0.0,,0.9992,0,0,0,0.3424124513618677,1.0,0,fail,fail,none,1,not available,1,0,0,0,0,0.15,no_ssl,0.0,0.0,0,0,
test-Ma1-10e4be5b7e9b5320044a3208e8a5507f,0,0.0,0,,1.0,0.0,0.0,0.0,0.0,0.0,0.0,0,3.0,0.0,0.0,0.0,0.0,0.0,0.0,0,0.0,0,0.0,0.0,0.0,,0,0.0,0.0,0,0,1.0,0,0.15,0.5,0.5,0,0,0,1.0,1,0,0.0,,1.0,0,0,0,0.08818011257035646,1.0,0,neutral,none,none,1,not available,0,0,0,0,0,1.0,error,0.0,0.0,0,0,
test-Ma1-14a33d679191ab364e414b284179d63e,0,0.0,0,,1.0,0.0,0.0,0.0,0.0,0.0,0.0,0,3.0,0.0,0.0,0.0,0.0,0.0,0.0,0,0.0,0,0.0,0.783,0.0,,0,0.0,0.0,0,0,1.0,0,0.15,0.5,0.35,0,3,0,0.38,1,0,0.0,,0.2553,0,0,0,0.0,1.0,0,neutral,pass,fail,1,not available,3,0,0,0,0,0.78,no_ssl,0.0,0.0,0,0,
test-Ma1-14d9868616614b1921d6cbefd9bf2288,0,0.0,0,,1.0,0.0,0.0,0.0,0.0,0.0,0.0,0,1.0,0.0,0.0,0.0,0.0,0.0,0.0,0,0.0,0,0.0,0.0,0.0,,0,0.0,0.9,0,0,1.0,0,0.15,0.5,0.35,0,1,0,0.5,1,0,0.0,,0.9907,0,0,0,0.0761904761904762,1.0,0,none,pass,pass,1,not available,1,0,0,0,0,0.15,no_ssl,0.0,0.0,0,0,
test-Ma1-14dcc732e0e5403e57437d9579cea2be,0,0.85,0,,0.0,,,,,,,0,,,0.0,0.0,,,,0,0.0,0,,,0.0,,0,0.0,0.85,0,0,1.0,0,0.1,0.5,0.35,1,1,0,0.5,1,0,0.0,,0.9788,0,0,0,0.7596566523605147,1.0,0,fail,none,none,1,not available,1,0,0,0,0,0.15,no_ssl,0.0,0.0,0,0,
test-Ma1-14ec976d00fc209aee43d44cd574778c,0,0.85,0,,1.0,,,,,,,0,,,0.0,0.0,,,,0,0.0,0,,,0.0,,0,0.0,0.85,0,0,1.0,0,0.5,0.5,0.38,1,4,0,0.33,1,0,0.0,,0.8973,0,0,0,0.7892074198988197,1.0,0,pass,neutral,fail,0,not available,4,0,0,0,0,0.15,no_ssl,0.0,0.0,0,0,
test-Ma1-14f15979f448c1d49753c6c3b716a0bc,0,0.0,1,,0.0,,,,,,,0,,,0.0,0.0,,,,0,0.0,0,,,0.0,,0,0.0,0.0,0,0,1.0,0,0.15,0.5,0.35,1,2,0,0.5,1,0,0.0,,0.2658,0,0,0,0.5681381957773513,1.0,0,neutral,none,pass,1,not available,2,0,0,0,0,0.15,no_ssl,0.0,0.0,0,0,
test-Ma1-15ab3950b2880c6a813124e84a35666a,0,0.0,1,,1.0,0.0,0.0,0.0,0.0,0.0,0.0,0,1.0,0.0,0.0,0.0,0.0,0.0,0.0,0,0.0,0,0.0,0.0,0.0,,0,0.0,0.0,0,0,1.0,0,0.15,0.5,0.55,0,1,0,0.5,1,0,0.0,,0.999,0,0,0,0.1652892561983471,1.0,0,pass,none,none,1,not available,1,0,0,0,0,0.15,no_ssl,0.0,0.0,0,0,
test-Ma1-16a495dc2d28da272602f4302d26be32,0,0.0,1,,1.0,,,,,,,0,,,0.0,0.0,,,,0,0.0,0,,,0.0,,0,0.0,0.0,0,0,1.0,0,0.15,0.5,0.5,1,31,0,0.3,1,0,0.0,,0.9874,0,0,0,0.41426927502876865,1.0,0,none,pass,fail,1,not available,31,0,0,0,1,0.69,no_ssl,0.0,0.0,0,0,
test-Ma1-16fdb690bee86a5871a8fff268f7a0a4,0,0.08,0,,1.0,0.0,0.0,0.0,0.0,0.0,0.0,0,1.0,0.0,0.0,0.0,0.0,0.0,0.0,0,0.0,0,0.0,0.875,0.0,,0,0.0,0.08,0,0,1.0,0,0.5,0.5,0.38,0,0,0,1.0,1,0,0.0,,0.9999,0,0,0,0.11650485436893204,1.0,0,pass,fail,pass,0,not available,0,0,0,0,0,1.0,error,0.0,0.0,0,0,
test-Ma1-17a2132c194ace55cf8ca98ed4a9bd32,0,0.0,1,,1.0,0.0,0.0,0.0,0.0,0.0,0.0,0,1.0,0.0,0.0,0.0,0.0,0.0,0.0,0,0.0,0,0.0,0.343,0.0,,0,0.0,0.0,0,0,1.0,0,0.15,0.5,0.55,1,6,0,0.33,1,0,0.0,,0.997,0,0,0,0.22123893805309736,1.0,0,fail,fail,fail,1,not available,6,0,0,0,0,0.15,no_ssl,0.0,0.0,0,0,
test-Ma1-17e0eec9465f313f9eaeed5149f20d95,0,0.0,1,,0.0,0.0,0.0,0.0,0.0,0.0,0.0,0,1.0,0.0,0.0,0.0,0.0,0.0,0.0,0,0.0,0,0.0,0.716,0.0,,0,0.0,0.0,0,0,1.0,0,0.15,0.5,0.5,0,1,0,0.5,1,0,0.0,,0.9543,0,0,0,0.12681638044914134,1.0,0,neutral,fail,pass,1,not available,1,0,0,0,0,0.15,no_ssl,0.0,0.0,0,0,
test-Ma1-19cc0f368ac7ebb2d724ea77477eb9fa,0,0.0,1,,1.0,0.0,0.0,0.0,0.0,0.0,0.0,0,1.0,0.0,0.0,0.0,0.0,0.0,0.0,0,0.0,0,0.0,0.0,0.0,,0,0.0,0.0,0,0,1.0,0,0.15,0.5,0.55,0,0,0,1.0,1,0,0.0,,0.9646,0,0,0,0.15455594002306805,1.0,0,none,none,none,1,not available,0,0,0,0,0,1.0,error,0.0,0.0,0,0,
test-Ma1-19d58cb308515f40574c814e64682548,0,0.0,0,,1.0,0.0,0.0,0.0,0.0,0.0,0.0,0,3.0,0.0,0.0,0.0,0.0,0.0,0.0,0,0.0,0,0.0,0.33,0.0,,0,0.0,0.0,0,0,1.0,0,0.5,0.5,0.38,0,3,0,0.28,1,0,0.0,,0.9932,0,0,0,0.16666666666666666,1.0,0,none,fail,pass,0,not available,4,0,0,0,0,0.77,no_ssl,0.0,0.0,0,0,
test-Ma1-20ac2f8fb9e39803ec1b8c3a7047e698,0,0.75,0,,1.0,0.0,0.0,0.0,0.0,0.0,0.0,0,1.0,0.0,0.0,0.0,0.0,0.0,0.0,0,0.0,0,0.0,0.125,0.0,,0,0.0,0.75,0,0,1.0,0,0.5,0.5,0.38,0,1,0,0.5,1,0,0.0,,0.4289,0,0,0,0.1946564885496183,1.0,0,none,fail,pass,0,not available,1,0,0,0,0,0.15,no_ssl,0.0,0.0,0,0,
test-Ma1-20e32e9eb18dbd6bbaf98adaf5b970a4,0,0.0,1,,1.0,0.0,0.0,0.0,0.0,0.0,0.0,0,3.0,0.0,0.0,0.0,0.0,0.0,0.0,0,0.0,0,0.0,0.337,0.0,,0,0.0,0.0,0,0,1.0,0,0.15,0.5,0.5,0,4,0,0.5,1,0,0.0,,0.9792,0,0,0,0.1532258064516129,1.0,0,fail,none,none,1,not available,4,0,0,0,0,0.15,no_ssl,0.0,0.0,0,0,
test-Ma1-20f4d332f2d2828004a132ee8752a671,0,0.0,1,,1.0,,,,,,,0,,,0.0,0.0,,,,0,0.0,0,,,0.0,,0,0.0,0.0,0,0,1.0,0,0.15,0.5,0.5,1,2,0,0.5,1,0,0.0,,0.8467,0,0,0,0.01706596652445028,1.0,0,none,fail,none,1,not available,2,0,0,0,0,0.15,no_ssl,0.0,0.0,0,0,
test-Ma1-21b15c687c48e1071db523164ba12487,0,0.0,1,,1.0,0.0,0.0,0.0,0.0,0.0,0.0,0,1.0,0.0,0.0,0.0,0.0,0.0,0.0,0,0.0,0,0.0,0.0,0.0,,0,0.0,0.0,0,0,1.0,0,0.5,0.5,0.38,0,0,0,1.0,1,0,0.0,,1.0,0,0,0,0.1362088535754824,1.0,0,fail,neutral,fail,0,not available,0,0,0,0,0,1.0,error,0.0,0.0,0,0,
test-Ma1-22ae47bdb0f8eb62b773892f91e58334,0,0.85,0,,1.0,,,,,,,0,,,0.0,0.0,,,,0,0.0,0,,,0.0,,0,0.0,0.85,0,0,1.0,0,0.15,0.5,0.5,1,2,0,0.5,1,0,0.0,,0.9973,0,0,0,0.09430255402750493,1.0,0,fail,neutral,fail,1,not available,2,0,0,0,0,0.15,no_ssl,0.0,0.5,0,0,
test-Ma1-23bb03520371c64fe06f47ad2f74cd33,0,0.0,0,,1.0,0.0,0.0,0.0,0.0,0.0,0.0,0,1.0,0.0,0.0,0.0,0.0,0.0,0.0,0,0.0,0,0.0,0.0,0.0,,0,0.0,0.0,0,0,1.0,0,0.15,0.5,0.55,0,1,0,1.0,1,0,0.0,,0.8094,0,0,0,0.0,1.0,0,none,fail,none,1,not available,1,0,0,0,0,0.15,no_ssl,0.0,0.0,0,0,
test-Ma1-26e51e76f4954b7492405d334efc2c2b,0,0.0,0,,0.0,,,,,,,0,,,0.0,0.0,,,,0,0.0,0,,,0.0,,0,0.0,0.0,0,0,1.0,0,0.15,0.5,0.5,1,13,0,0.56,1,0,0.0,,0.1059,0,0,0,0.30033370411568405,1.0,0,pass,neutral,fail,1,not available,13,0,2,0,1,0.77,no_ssl,0.0,0.0,0,0,
test-Ma1-27d549bad34ef67f5b0e2039d7194d17,0,0.0,1,,1.0,,,,,,,0,,,0.0,0.0,,,,0,0.0,0,,,0.0,,0,0.0,0.0,0,0,1.0,0,0.15,0.5,0.5,0,0,0,1.0,1,0,0.0,,0.8402,0,0,0,1.0,1.0,0,none,neutral,pass,1,not available,0,0,0,0,0,1.0,error,0.0,0.0,0,0,
test-Ma1-28cf4f031d754c5b4235c9358b874d6d,0,0.0,1,,1.0,0.0,0.0,0.0,0.0,0.0,0.0,0,1.0,0.0,0.0,0.0,0.0,0.0,0.0,0,0.0,0,0.0,0.0,0.0,,0,0.0,0.0,0,0,1.0,0,0.15,0.5,0.5,0,1,0,0.5,1,0,0.0,,0.9913,0,0,0,0.49612403100775193,1.0,0,pass,pass,fail,1,not available,1,0,0,0,0,0.15,no_ssl,0.0,0.0,0,0,
test-Ma1-4a2b74e10858c6292a949db95ab6ead9,0,0.08,0,,1.0,,,,,,,0,,,0.0,0.0,,,,0,0.0,0,,,0.0,,0,0.0,0.08,0,0,1.0,0,0.15,0.5,0.5,1,14,0,0.62,1,0,0.0,,0.7691,0,0,0,0.5359195402298851,1.0,0,pass,none,fail,1,not available,14,0,2,0,1,0.77,no_ssl,0.0,0.0,0,0,
test-Ma1-4a83e1275d1a167bf9fd9e627849272e,0,0.92,1,,0.0,,,,,,,0,,,0.0,0.0,,,,0,0.0,0,,,0.0,,0,0.0,0.92,0,0,1.0,0,0.1,0.5,0.35,1,2,0,0.22,1,0,0.0,,0.442,0,0,0,0.3037518037518038,1.0,0,none,pass,none,1,not available,2,0,0,0,0,0.77,no_ssl,0.0,0.0,0,0,
test-Ma1-4b1cfe305ce1f47cfb41f4ba79f1768c,0,0.0,1,,1.0,,,,,,,0,,,0.0,0.0,,,,0,0.0,0,,,0.0,,0,0.0,0.0,0,0,1.0,0,0.15,0.5,0.5,1,25,0,0.33,1,0,0.0,,0.5048,0,0,0,0.7626418988648092,1.0,0,fail,none,pass,1,not available,27,0,0,0,0,0.1,no_ssl,0.0,0.0,0,0,
test-Ma1-4b1f7d08d79a790cd439277013429abb,0,0.85,0,,1.0,0.0,0.0,0.0,0.0,0.0,0.0,0,1.0,0.0,0.0,0.0,0.0,0.0,0.0,0,0.0,0,0.0,0.0,0.0,,0,0.0,0.85,0,0,1.0,0,0.15,0.5,0.5,1,6,0,0.33,1,0,0.0,,0.0522,0,0,0,0.1605839416058394,1.0,0,pass,fail,pass,1,not available,6,0,1,0,0,0.55,no_ssl,0.0,0.0,0,0,
test-Ma1-4ba8b550eb713eac0cf54c30e3bcfe6c,0,0.0,1,,0.0,,,,,,,0,,,0.0,0.0,,,,0,0.0,0,,,0.0,,0,0.0,0.08,0,0,1.0,0,0.15,0.5,0.35,1,1,0,0.05,1,0,0.0,,0.9768,0,0,0,0.28109498438361197,1.0,0,neutral,fail,none,1,not available,1,0,0,0,0,0.59,no_ssl,0.0,0.0,0,0,
test-Ma1-4c4517b6bec299069a1c7e9a3f0936c1,0,0.0,1,,0.0,0.0,0.0,0.0,0.0,0.0,0.0,0,1.0,0.0,0.0,0.0,0.0,0.0,0.0,0,0.0,0,0.0,0.145,0.0,,0,0.0,0.0,0,0,1.0,0,0.5,0.5,0.38,0,2,0,0.5,1,0,0.0,,0.9877,0,0,0,0.0,1.0,0,pass,fail,none,0,not available,2,0,0,0,0,0.15,no_ssl,0.0,0.0,0,0,
test-Ma1-4c77f187969f825a43dcb9b8dae8ab1f,0,0.0,1,,0.0,,,,,,,0,,,0.0,0.0,,,,0,0.0,0,,,0.0,,0,1.0,0.0,0,0,1.0,0,0.5,0.5,0.38,1,5,0,0.32,1,0,0.0,,0.8886,0,0,0,0.5118279569892473,1.0,0,fail,neutral,pass,0,not available,5,0,1,0,0,0.2,no_ssl,0.0,0.5,0,0,
test-Ma1-4cb615fa8fa1c2edb1606abcbe82b22d,0,0.55,0,,1.0,,,,,,,0,,,0.0,0.0,,,,0,0.0,0,,,0.0,,0,0.0,0.0,0,0,1.0,0,0.15,0.5,0.5,1,13,0,0.44,1,0,0.0,,0.942,0,0,0,0.5432489451476794,1.0,0,fail,pass,fail,1,not available,13,0,1,0,0,0.77,no_ssl,0.0,0.0,0,0,
test-Ma1-4d43ab85bf570cfd0e703ec0ff792930,0,0.0,1,,0.0,,,,,,,0,,,0.0,0.0,,,,0,0.0,0,,,0.0,,0,0.0,0.92,0,0,1.0,0,0.5,0.5,0.38,1,2,0,0.5,1,0,0.0,,0.3328,0,0,0,0.0471821756225426,1.0,0,neutral,none,pass,0,not available,2,0,0,0,0,0.15,no_ssl,0.0,0.0,0,0,
test-Ma1-4d49a4a0d4fe1386a7338c3a1dcad7c2,0,0.9,1,,1.0,,,,,,,0,,,0.0,0.0,,,,0,0.0,0,,,0.0,,0,0.0,1.0,0,0,1.0,0,0.15,0.5,0.35,1,4,0,0.48,1,0,0.0,,0.0006,0,0,0,0.13505747126436782,1.0,0,fail,neutral,none,1,not available,4,0,0,0,0,0.15,no_ssl,0.0,0.5,0,0,
test-Ma1-4e20ba9718cf9b1b0ac91ce182e78ed9,0,1.0,0,,0.0,0.0,0.0,0.0,0.0,0.0,0.0,0,1.0,0.0,0.0,0.0,0.0,0.0,0.0,0,0.0,0,0.0,0.819,0.0,,0,0.0,0.0,0,0,1.0,0,0.15,0.5,0.35,0,4,0,0.5,1,0,0.0,,0.7027,0,0,0,0.36496350364963503,1.0,0,pass,fail,pass,1,not available,4,0,0,0,0,0.15,no_ssl,0.0,0.0,0,0,
test-Ma1-4e228296907f535ae41649e5a978d5a3,0,0.0,0,,1.0,0.0,0.0,0.0,0.0,0.0,0.0,0,1.0,0.0,0.0,0.0,0.0,0.0,0.0,0,0.0,0,0.0,0.0,0.0,,0,0.0,0.0,0,0,1.0,0,0.15,0.5,0.55,0,0,0,1.0,1,0,0.0,,1.0,0,0,0,0.05185825410544512,1.0,0,pass,none,none,1,not available,0,0,0,0,0,1.0,error,0.0,0.0,0,0,
test-Ma1-4e8f6cd008a059fedae64d1f7c78999c,0,0.0,1,,1.0,,,,,,,0,,,0.0,0.0,,,,0,0.0,0,,,0.0,,0,0.0,1.0,0,0,1.0,0,0.1,0.5,0.35,1,6,0,0.5,1,0,0.0,,0.009,0,0,0,0.1176470588235294,1.0,0,neutral,fail,fail,1,not available,5,0,0,0,0,0.15,no_ssl,0.0,0.5,0,0,
test-Ma1-4f19dc943a45eddf6a56a49f711e0838,0,1.0,0,,0.0,,,,,,,0,,,0.0,0.0,,,,0,0.0,0,,,0.0,,0,0.0,1.0,0,0,1.0,0,0.15,0.5,0.55,1,46,0,0.47,1,0,0.0,,0.9868,0,0,0,0.750561797752809,1.0,0,fail,neutral,none,1,not available,47,0,0,0,0,0.15,no_ssl,0.0,0.0,0,0,
test-Ma1-4f3fdb1bc1202788511f25d1974e0401,0,0.0,1,,1.0,0.0,0.0,0.0,0.0,0.0,0.0,0,1.0,0.0,0.0,0.0,0.0,0.0,0.0,0,0.0,0,0.0,0.0,0.0,,0,0.0,0.0,0,0,1.0,0,0.15,0.5,0.55,1,5,0,0.22,1,0,0.0,,0.9538,0,0,0,0.08461538461538463,1.0,0,neutral,none,none,1,not available,5,0,1,0,0,0.5,no_ssl,0.0,0.0,0,0,
test-Ma1-4fdc68a7db1901f6853b1c42db6e2f2e,0,0.0,0,,1.0,,,,,,,0,,,0.0,0.0,,,,0,0.0,0,,,0.0,,0,,0.0,0,0,1.0,0,0.15,0.5,0.5,1,3,0,0.33,1,0,0.0,,0.7462,0,0,0,0.3151750972762646,1.0,0,fail,pass,pass,1,not available,3,0,1,0,0,0.77,no_ssl,0.0,0.0,0,0,
test-Ma1-5a800959e837f2819cce6b183dcb9ef9,0,0.0,1,,0.0,,,,,,,0,,,0.0,0.0,,,,0,0.0,0,,,0.0,,0,0.0,0.0,0,0,1.0,0,0.1,0.5,0.35,1,6,0,0.5,1,0,0.0,,0.1379,0,0,0,0.10949868073878628,1.0,0,neutral,none,fail,1,not available,5,0,0,0,0,0.15,no_ssl,0.0,0.5,0,0,
test-Ma1-5b165a7a42829fc6687541e83bdcec43,0,0.65,0,,1.0,,,,,,,0,,,0.0,0.0,,,,0,0.0,0,,,0.0,,0,0.0,0.65,0,0,1.0,0,0.15,0.5,0.5,1,8,0,0.38,1,0,0.0,,0.9938,0,0,0,0.32171581769436997,1.0,0,fail,pass,fail,1,not available,8,0,0,0,0,0.15,no_ssl,0.0,0.0,0,0,
test-Ma1-5b1c00fa35e2d6e687f6a26a8afa7ffe,0,0.0,1,,1.0,0.0,0.0,0.0,0.0,0.0,0.0,0,1.0,0.0,0.0,0.0,0.0,0.0,0.0,0,0.0,0,0.0,0.0,0.0,,0,0.0,0.0,0,0,1.0,0,0.15,0.5,0.5,1,6,0,0.33,1,0,0.0,,0.0356,0,0,0,0.21818181818181817,1.0,0,none,neutral,none,1,not available,6,0,1,0,0,0.5,no_ssl,0.0,0.0,0,0,
test-Ma1-5b26c65a53f9bcfa660cfbfcc2fcb9b3,0,0.0,1,,1.0,,,,,,,0,,,0.0,0.0,,,,0,0.0,0,,,0.0,,0,0.0,0.0,0,0,1.0,0,0.5,0.5,0.38,1,30,0,0.42,1,0,0.0,,0.9716,0,0,1,0.10316139767054908,1.0,0,none,pass,none,0,not available,30,0,0,0,0,0.15,no_ssl,0.0,0.0,0,0,
test-Ma1-5b7fcdbb15df2ddbba3001865f2fd69f,0,0.55,0,,0.0,0.0,0.0,0.0,0.0,0.0,0.0,0,1.0,0.0,0.0,0.0,0.0,0.0,0.0,0,0.0,0,0.0,0.0,0.0,,0,0.0,0.0,0,0,1.0,0,0.15,0.5,0.55,1,4,0,0.22,1,0,0.0,,0.9461,0,0,0,0.14159292035398233,1.0,0,none,neutral,fail,1,not available,4,0,1,0,0,0.5,no_ssl,0.0,0.0,0,0,
test-Ma1-5baa1b6c0ca13822742cec1d9f177674,0,0.0,1,,0.0,,,,,,,0,,,0.0,0.0,,,,0,0.0,0,,,0.0,,0,0.0,0.0,0,0,1.0,0,0.1,0.5,0.35,1,2,0,0.38,1,0,0.0,,0.4821,0,0,0,0.43436754176610975,1.0,0,fail,neutral,fail,1,not available,2,0,0,0,0,0.15,no_ssl,0.0,0.0,0,0,
test-Ma1-5beda3d2c5f02dadd2c352ed29b2848a,0,0.0,1,,1.0,,,,,,,0,,,0.0,0.0,,,,0,0.0,0,,,0.0,,0,0.0,0.85,0,0,1.0,0,0.15,0.5,0.5,1,4,0,0.33,1,0,0.0,,0.9288,0,0,0,0.7979966611018365,1.0,0,pass,fail,pass,1,not available,4,0,0,0,0,0.15,no_ssl,0.0,0.0,0,0,
test-Ma1-5c07670b3a780c834118ba27274ffd94,0,0.6,1,,1.0,,,,,,,0,,,0.0,0.0,,,,0,0.0,0,,,0.0,,0,0.0,1.0,0,0,1.0,0,0.15,0.5,0.35,1,10,0,0.62,1,0,0.0,,0.2252,0,0,0,0.7158836689038031,1.0,0,fail,neutral,fail,1,not available,10,0,0,0,0,0.15,no_ssl,0.0,0.0,0,0,
test-Ma1-5c893c9dca110c1854d6dc4ea55f6688,0,0.0,1,,1.0,0.0,0.0,0.0,0.0,0.0,0.0,0,1.0,0.0,0.0,0.0,0.0,0.0,0.0,0,0.0,0,0.0,0.0,0.0,,0,0.0,0.0,0,0,1.0,0,0.15,0.5,0.55,0,2,0,0.05,1,0,0.0,,0.999,0,0,0,0.4615384615384616,1.0,0,fail,neutral,fail,1,not available,2,0,0,0,0,0.77,no_ssl,0.0,0.0,0,0,
test-Ma1-5c8c7a72269dfb21dd5d3ac33565e3ba,0,0.85,0,,1.0,,,,,,,0,,,0.0,0.0,,,,0,0.0,0,,,0.0,,0,0.0,0.0,0,0,1.0,0,0.15,0.5,0.5,1,5,0,0.42,1,0,0.0,,0.9265,0,0,0,0.37847222222222227,1.0,0,pass,fail,fail,1,not available,5,0,0,0,0,0.15,no_ssl,0.0,0.0,0,0,
test-Ma1-5cac24f3e0b61db15a9fd2563dc1ccf0,0,0.0,1,,0.0,,,,,,,0,,,0.0,0.0,,,,0,0.0,0,,,0.0,,0,0.0,0.0,0,0,1.0,0,0.1,0.5,0.35,1,1,0,0.5,1,0,0.0,,0.9977,0,0,0,1.0,1.0,0,none,pass,pass,1,not available,1,0,0,0,0,0.15,no_ssl,0.0,0.0,0,0,
test-Ma1-5ccf03b18c7fcf3962ba29623380196a,0,1.0,1,,0.0,,,,,,,0,,,0.0,0.0,,,,0,0.0,0,,,0.0,,0,0.0,1.0,0,1,0.0,0,0.1,0.5,0.35,1,3,0,0.05,1,0,0.0,,0.9655,0,0,0,0.9235294117647058,1.0,0,pass,pass,none,1,not available,3,0,0,0,0,0.77,no_ssl,0.0,0.0,0,0,
test-Ma1-5ce77a512fa44ed659de98eb2e6cb48e,0,0.08,1,,0.0,0.0,0.0,0.0,0.0,0.0,0.0,0,1.0,0.0,0.0,0.0,0.0,0.0,0.0,0,0.0,0,0.0,0.054,0.0,,0,0.0,0.08,0,0,1.0,0,0.15,0.5,0.55,0,2,0,0.5,1,0,0.0,,0.9506,0,0,0,0.08,1.0,0,pass,fail,pass,1,not available,2,0,0,0,0,0.15,no_ssl,0.0,0.0,0,0,
test-Ma1-5d5357648d58b8356edbb3531bb28f32,0,0.92,1,,0.0,,,,,,,0,,,0.0,0.0,,,,0,0.0,0,,,0.0,,0,0.0,0.92,0,1,0.0,0,0.15,0.5,0.35,1,13,0,0.53,1,0,0.0,,0.3795,0,0,0,0.5402906208718626,1.0,0,none,neutral,pass,1,not available,13,0,0,0,0,0.15,no_ssl,0.0,0.0,0,0,
test-Ma1-5d56f7818484719a5ddde3ed5eb1b443,0,0.55,0,,1.0,,,,,,,0,,,0.0,0.0,,,,0,0.0,0,,,0.0,,0,0.0,0.0,0,0,1.0,0,0.1,0.5,0.35,1,3,0,0.25,1,0,0.0,,0.5315,0,0,0,0.746606334841629,1.0,0,neutral,none,none,1,not available,3,0,1,0,0,0.62,no_ssl,0.0,0.0,0,0,
test-Ma1-5dc25db0baa4989ce29dfc74a393ac6c,0,0.0,1,,1.0,,,,,,,0,,,0.0,0.0,,,,0,0.0,0,,,0.0,,0,0.0,0.0,0,0,1.0,0,0.15,0.5,0.35,1,3,0,0.25,1,0,0.0,,0.9968,0,0,0,0.5614754098360655,1.0,0,neutral,neutral,none,1,not available,3,0,1,0,0,0.77,no_ssl,0.0,0.0,0,0,
test-Ma1-5ec133c5bb6b96b104071a3a664e5617,0,0.08,0,,0.0,0.0,0.0,0.0,0.0,0.0,0.0,0,1.0,0.0,0.0,0.0,0.0,0.0,0.0,0,0.0,0,0.0,0.0,0.0,,0,0.0,0.08,0,0,1.0,0,0.15,0.5,0.5,0,0,0,1.0,1,0,0.0,,0.0999,0,0,0,0.027586206896551727,1.0,0,fail,fail,fail,1,not available,0,0,0,0,0,1.0,error,0.0,0.0,0,0,
test-Ma1-5eda420164721c033b65ba0d0326e158,0,0.0,1,,1.0,,,,,,,0,,,0.0,0.0,,,,0,0.0,0,,,0.0,,0,0.0,0.0,0,0,1.0,0,0.15,0.5,0.5,1,4,0,0.33,1,0,0.0,,0.9772,0,0,0,0.7557755775577559,1.0,0,fail,fail,fail,1,not available,4,0,0,0,0,0.15,no_ssl,0.0,0.0,0,0,
test-Ma1-5eec5c88a5af6473ceb8ae1eb535e815,0,0.55,1,,1.0,,,,,,,0,,,0.0,0.0,,,,0,0.0,0,,,0.0,,0,0.0,0.0,0,0,1.0,0,0.15,0.5,0.55,1,11,0,0.3,1,0,0.0,,0.1765,0,0,0,0.5673352435530086,1.0,0,neutral,pass,pass,1,not available,11,0,0,0,0,0.15,no_ssl,0.0,0.0,0,0,
test-Ma1-5ef144301a8d9972364138ab5b751123,0,0.55,1,,0.0,0.0,0.0,0.0,0.0,0.0,0.0,0,1.0,0.0,0.0,0.0,0.0,0.0,0.0,0,0.0,0,0.0,0.0,0.0,,0,0.0,0.0,0,0,1.0,0,0.15,0.5,0.55,0,0,0,1.0,1,0,0.0,,0.9999,0,0,0,0.06609808102345416,1.0,0,none,neutral,fail,1,not available,0,0,0,0,0,1.0,error,0.0,0.0,0,0,
test-Ma1-5f02ac766c27f9db75638f4706eda580,0,0.0,1,,1.0,0.0,0.0,0.0,0.0,0.0,0.0,0,1.0,0.0,0.0,0.0,0.0,0.0,0.0,0,0.0,0,0.0,0.0,0.0,,0,0.0,0.0,0,0,1.0,0,0.15,0.5,0.55,0,1,0,0.5,1,0,0.0,,0.9985,0,0,0,0.19543973941368076,1.0,0,none,fail,none,1,not available,1,0,0,0,0,0.15,no_ssl,0.0,0.0,0,0,
test-Ma1-5f4713a1a336ed554255c052916fea9c,0,1.0,0,,0.0,,,,,,,0,,,0.0,0.0,,,,0,0.0,0,,,0.0,,0,0.0,1.0,0,0,1.0,0,0.1,0.5,0.35,1,9,0,0.53,1,0,0.0,,0.9859,0,0,0,0.5981873111782477,1.0,0,neutral,neutral,none,1,not available,9,0,0,0,1,0.1,no_ssl,0.0,0.5,0,0,
test-Ma1-5f4997edd59bcd7686856f50a0c1c6da,0,0.15,1,,0.0,0.0,0.0,0.0,0.0,0.0,0.0,0,1.0,0.0,0.0,0.0,0.0,0.0,0.0,0,0.0,0,0.0,0.0,0.0,,0,0.0,0.92,0,0,1.0,0,0.15,0.5,0.35,0,1,0,0.5,1,0,0.0,,0.9994,0,0,0,0.3010033444816054,1.0,0,pass,fail,none,1,not available,1,0,0,0,0,0.15,no_ssl,0.0,0.0,0,0,
test-Ma1-6a1cc70a9aded60a0c4670019a433c40,0,0.0,1,,1.0,0.0,0.0,0.0,0.0,0.0,0.0,0,1.0,0.0,0.0,0.0,0.0,0.0,0.0,0,0.0,0,0.0,0.0,0.0,,0,0.0,0.08,0,0,1.0,0,0.15,0.5,0.55,1,5,0,0.52,1,0,0.0,,0.9898,0,0,0,0.10038610038610038,1.0,0,pass,none,none,1,not available,5,0,2,0,0,0.46,no_ssl,0.0,0.0,0,0,
test-Ma1-6ace92deceb31515c99e2fd8e9f43e74,0,0.6,0,,1.0,0.0,0.0,0.0,0.0,0.0,0.0,0,1.0,0.0,0.0,0.0,0.0,0.0,0.0,0,0.0,0,0.0,0.796,0.0,,0,0.0,1.0,0,0,1.0,0,0.15,0.5,0.5,0,0,0,1.0,1,0,0.0,,0.0272,0,0,0,0.25327510917030566,1.0,0,pass,fail,fail,1,not available,0,0,0,0,0,1.0,error,0.0,0.0,0,0,
test-Ma1-6af07256bb232415af67f73669920ee2,0,0.85,0,,0.0,0.0,0.0,0.0,0.0,0.0,0.0,0,1.0,0.0,0.0,0.0,0.0,0.0,0.0,0,0.0,0,0.0,0.0,0.0,,0,0.0,0.0,0,0,1.0,0,0.5,0.5,0.38,1,6,0,0.33,1,0,0.0,,0.0835,0,0,0,0.07692307692307693,1.0,0,neutral,neutral,none,0,not available,6,0,0,0,0,0.15,no_ssl,0.0,0.0,0,0,
test-Ma1-6b065cd69a13f71529fe1284138cd6e0,0,0.0,1,,1.0,,,,,,,0,,,0.0,0.0,,,,0,0.0,0,,,0.0,,0,0.0,0.0,0,0,1.0,0,0.15,0.5,0.5,1,17,0,0.42,1,0,0.0,,0.8346,0,0,0,0.6563944530046226,1.0,0,neutral,neutral,none,1,not available,18,0,0,0,0,0.15,no_ssl,0.0,0.0,0,0,
test-Ma1-6b22c5a9bc29aa47be660cfafb0c2898,0,1.0,1,,1.0,,,,,,,0,,,0.0,0.0,,,,0,0.0,0,,,0.0,,0,0.0,1.0,0,0,1.0,0,0.1,0.5,0.35,1,69,0,0.33,1,0,0.0,,0.4786,0,0,0,0.4178127046496399,1.0,0,none,pass,none,1,not available,69,0,0,0,0,0.15,no_ssl,0.0,0.0,0,0,
test-Ma1-6b8050c4081320e52a01db938a43e339,0,0.95,1,,1.0,,,,,,,0,,,0.0,0.0,,,,0,0.0,0,,,0.0,,0,0.0,0.95,0,0,1.0,0,0.15,0.5,0.5,1,6,0,0.52,1,0,0.0,,0.9522,0,0,0,0.12084592145015104,1.0,0,fail,fail,pass,1,not available,6,0,2,0,0,0.41,no_ssl,0.0,0.0,0,0,
test-Ma1-6bef16d781a7a2b653c61310c04f47b9,0,0.9,0,,0.0,,,,,,,0,,,0.0,0.0,,,,0,0.0,0,,,0.0,,0,0.0,0.9,0,0,1.0,0,0.1,0.5,0.35,1,14,0,0.33,1,0,0.0,,0.9019,0,0,0,0.508891928864569,1.0,0,pass,neutral,pass,1,not available,14,0,0,0,0,0.15,no_ssl,0.0,0.0,0,0,
test-Ma1-6d87c5e3c94c796f87ecd0b3b209ebc3,0,0.0,1,,1.0,,,,,,,0,,,0.0,0.0,,,,0,0.0,0,,,0.0,,0,0.0,0.0,0,0,1.0,0,0.15,0.5,0.55,1,5,0,0.6,1,0,0.0,,0.9943,0,0,0,0.5940366972477064,1.0,0,pass,neutral,none,1,not available,5,0,1,0,0,0.77,no_ssl,0.0,0.0,0,0,
test-Ma1-6e3ea5b736cdafe2c0d7b48f842e905d,0,0.0,1,,1.0,0.0,0.0,0.0,0.0,0.0,0.0,0,3.0,0.0,0.0,0.0,0.0,0.0,0.0,0,0.0,0,0.0,0.0,0.0,,0,0.0,0.9,0,0,1.0,0,0.1,0.5,0.35,1,4,0,0.22,1,0,0.0,,0.0014,0,0,0,0.05128205128205128,1.0,0,fail,neutral,fail,1,not available,4,0,1,0,0,0.5,no_ssl,0.0,0.0,0,0,
test-Ma1-6e5d4f6c45f0be772661089128cc9da9,0,1.0,0,,1.0,0.0,0.0,0.0,0.0,0.0,0.0,0,1.0,0.0,0.0,0.0,0.0,0.0,0.0,0,0.0,0,0.0,0.0,0.0,,0,0.0,1.0,0,0,1.0,0,0.1,0.5,0.35,1,4,0,0.22,1,0,0.0,,0.2329,0,0,0,0.3137254901960784,1.0,0,pass,neutral,fail,1,not available,4,0,1,0,0,0.5,no_ssl,0.0,0.0,0,0,
test-Ma1-6e7c4cbf8e80b74794c9cc0d0580cfb9,0,1.0,0,,0.0,0.0,0.0,0.0,0.0,0.0,0.0,0,3.0,0.0,0.0,0.0,0.0,0.0,0.0,0,0.0,0,0.0,0.0,0.0,,0,0.0,1.0,0,0,1.0,0,0.15,0.5,0.35,0,0,0,1.0,1,0,0.0,,0.279,0,0,0,0.11428571428571428,1.0,0,fail,neutral,pass,1,not available,0,0,0,0,0,1.0,error,0.0,0.0,0,0,
test-Ma1-6f401dc6515a342d6e479ca130d20a8e,0,0.0,1,,,,,,,,,0,,,0.0,0.0,,,,0,0.0,0,,,0.0,,0,0.0,0.0,0,0,1.0,0,0.1,0.5,0.35,1,20,0,0.45,1,0,0.0,,0.1568,0,0,0,0.33484986351228396,1.0,0,fail,none,fail,1,not available,20,0,1,0,0,0.5,no_ssl,0.0,0.0,0,0,
test-Ma1-6f824ee1860268e1580390628e734e93,0,0.08,0,,0.0,,,,,,,0,,,0.0,0.0,,,,0,0.0,0,,,0.0,,0,0.0,0.08,0,0,1.0,0,0.15,0.5,0.5,1,18,0,0.4,1,0,0.0,,0.7023,0,0,1,0.21621621621621623,1.0,0,pass,neutral,fail,1,not available,18,0,0,0,0,0.15,no_ssl,0.0,0.0,0,0,
test-Ma1-6fcd0e59ac080968cd7b292d6c397a8e,0,0.85,0,,1.0,0.0,0.0,0.0,0.0,0.0,0.0,0,1.0,0.0,0.0,0.0,0.0,0.0,0.0,0,0.0,0,0.0,0.0,0.0,,0,0.0,0.0,0,0,1.0,0,0.15,0.5,0.5,0,0,0,1.0,1,0,0.0,,0.9983,0,0,0,0.06756756756756757,1.0,0,pass,neutral,none,1,not available,0,0,0,0,0,1.0,error,0.0,0.0,0,0,
test-Ma1-6fcfe1531f7b0be0e610bfa91584fc27,0,0.0,0,,1.0,,,,,,,0,,,0.0,0.0,,,,0,0.0,0,,,0.0,,0,0.0,0.0,0,0,0.0,0,0.1,0.5,0.35,1,10,0,0.38,1,0,0.0,,0.9375,0,0,1,0.5367647058823529,1.0,0,neutral,fail,fail,1,not available,10,0,0,0,0,0.15,no_ssl,0.0,0.0,0,0,
test-Ma1-7a6a4ef099f1daf9948895b03851635d,0,0.15,1,,1.0,0.0,0.0,0.0,0.0,0.0,0.0,0,1.0,0.0,0.0,0.0,0.0,0.0,0.0,0,0.0,0,0.0,0.137,0.0,,0,0.0,0.92,0,0,1.0,0,0.5,0.5,0.38,0,0,0,1.0,1,0,0.0,,0.9918,0,0,0,0.23,1.0,0,pass,fail,fail,0,not available,0,0,0,0,0,1.0,error,0.0,0.0,0,0,
test-Ma1-7a8e1fef95c5dab77a3aaa6fea078034,0,0.0,1,,0.0,,,,,,,0,,,0.0,0.0,,,,0,0.0,0,,,0.0,,0,0.0,0.0,0,0,1.0,0,0.15,0.5,0.35,1,4,0,0.33,1,0,0.0,,0.9474,0,0,0,0.7933333333333336,1.0,0,fail,none,fail,1,not available,4,0,0,0,0,0.15,no_ssl,0.0,0.0,0,0,
test-Ma1-7a90cea4cae13b83b33ba28947b59a6e,0,0.0,1,,,0.0,0.0,0.0,0.0,0.0,0.0,0,1.0,0.0,0.0,0.0,0.0,0.0,0.0,0,0.0,0,0.0,0.0,0.0,,0,0.0,0.0,0,0,1.0,0,0.15,0.5,0.55,0,3,0,0.5,1,0,0.0,,0.9976,0,0,0,0.23983739837398377,1.0,0,none,none,pass,1,not available,3,0,0,0,0,0.15,no_ssl,0.0,0.0,0,0,
test-Ma1-7ae114e032092103e6db26f71141e66e,0,0.85,0,,1.0,0.0,0.0,0.0,0.0,0.0,0.0,0,1.0,0.0,0.0,0.0,0.0,0.0,0.0,0,0.0,0,0.0,0.135,0.0,,0,0.0,0.95,0,0,1.0,0,0.15,0.5,0.5,0,1,0,0.5,1,0,0.0,,0.0762,0,0,0,0.07766990291262135,1.0,0,pass,fail,none,1,not available,1,0,0,0,0,0.15,no_ssl,0.0,0.0,0,0,
test-Ma1-7b42fbb04684216656cb800469f8d04a,0,0.75,1,,1.0,,,,,,,0,,,0.0,0.0,,,,0,0.0,0,,,0.0,,0,0.0,0.75,0,1,0.0,0,0.15,0.5,0.35,1,2,0,0.28,1,0,0.0,,0.2148,0,0,0,0.336289726533629,1.0,0,pass,pass,none,1,not available,2,0,1,0,0,0.62,no_ssl,0.0,0.0,0,0,
test-Ma1-7b7bb5fb827996d55ba77f0cab3a0077,0,0.08,0,,1.0,,,,,,,0,,,0.0,0.0,,,,0,0.0,0,,,0.0,,0,0.0,0.0,0,0,1.0,0,0.1,0.5,0.35,1,26,0,0.34,1,0,0.0,,0.4234,0,0,0,0.2693995611410323,1.0,0,neutral,fail,fail,1,not available,26,0,1,0,1,0.46,no_ssl,0.0,0.0,0,0,
test-Ma1-7b87b1fb976de4be600cbbd9e0e0515d,0,0.0,1,,1.0,,,,,,,0,,,0.0,0.0,,,,0,0.0,0,,,0.0,,0,0.0,0.0,0,0,1.0,0,0.15,0.5,0.55,1,12,0,0.46,1,0,0.0,,0.8793,0,0,0,0.7001455604075691,1.0,0,pass,neutral,none,1,not available,12,0,1,0,1,0.77,no_ssl,0.0,0.0,0,0,
test-Ma1-7b9b99f19e35965dee3ef318dafc4007,0,0.0,1,,1.0,,,,,,,0,,,0.0,0.0,,,,0,0.0,0,,,0.0,,0,0.0,0.0,0,0,1.0,0,0.15,0.5,0.35,1,1,0,0.5,1,0,0.0,,0.9207,0,0,0,0.4658823529411768,1.0,0,neutral,none,pass,1,not available,1,0,0,0,0,0.15,no_ssl,0.0,0.0,0,0,
test-Ma1-7bfc7dc8825d4da67ad4c12423dd5e85,0,0.0,1,,1.0,0.0,0.0,0.0,0.0,0.0,0.0,0,1.0,0.0,0.0,0.0,0.0,0.0,0.0,0,0.0,0,0.0,0.164,0.0,,0,1.0,0.0,0,0,1.0,0,0.1,0.5,0.35,0,0,0,1.0,1,0,0.0,,0.9998,0,0,0,0.14917127071823205,1.0,0,neutral,neutral,pass,1,not available,0,0,0,0,0,1.0,error,0.0,0.0,0,0,
test-Ma1-7bffdc6948799a11e256f93caa648628,0,0.85,0,,0.0,0.0,0.0,0.0,0.0,0.0,0.0,0,1.0,0.0,0.0,0.0,0.0,0.0,0.0,0,0.0,0,0.0,0.0,0.0,,0,0.0,0.0,0,0,1.0,0,0.15,0.5,0.35,0,1,0,0.5,1,0,0.0,,0.9872,0,0,0,0.2247191011235955,1.0,0,neutral,none,fail,1,not available,1,0,0,0,0,0.15,no_ssl,0.0,0.0,0,0,
test-Ma1-7c526e75ea773f7441623e009df698ea,0,0.0,1,,1.0,,,,,,,0,,,0.0,0.0,,,,0,0.0,0,,,0.0,,0,0.0,0.08,0,0,1.0,0,0.1,0.5,0.35,0,0,0,1.0,1,0,0.0,,0.9996,0,0,0,0.0,1.0,0,neutral,neutral,fail,1,not available,0,0,0,0,0,1.0,error,0.0,0.0,0,0,
test-Ma1-7ccadc21d8a7ac3dae766c7dabec00f8,0,0.08,0,,0.0,0.0,0.0,0.0,0.0,0.0,0.0,0,3.0,0.0,0.0,0.0,0.0,1.0,0.0,0,0.0,0,0.0,0.589,0.0,,0,0.0,0.08,0,0,1.0,0,0.5,0.5,0.38,1,7,0,0.5,1,0,0.0,,0.2457,0,0,0,0.3786407766990291,1.0,0,none,fail,pass,0,not available,7,0,0,0,0,0.15,no_ssl,0.0,0.0,0,0,
test-Ma1-7cf8b05e7124bf109d714e7890983428,0,0.0,1,,1.0,0.0,0.0,0.0,0.0,0.0,0.0,0,1.0,0.0,0.0,0.0,0.0,0.0,0.0,0,0.0,0,0.0,0.0,0.0,,0,0.0,0.0,0,0,1.0,0,0.15,0.5,0.35,0,1,0,0.15,1,0,0.0,,1.0,0,0,0,0.1742671009771987,1.0,0,none,pass,pass,1,not available,1,0,0,0,0,0.74,no_ssl,0.0,0.0,0,0,
test-Ma1-7da8377b95d045ce53f8b303a340a9d0,0,1.0,0,,1.0,0.0,0.0,0.0,0.0,0.0,0.0,0,1.0,0.0,0.0,0.0,0.0,0.0,0.0,0,0.0,0,0.0,0.0,0.0,,0,0.0,1.0,0,0,1.0,0,0.15,0.5,0.5,1,6,0,0.33,1,0,0.0,,0.0052,0,0,0,0.1984126984126984,1.0,0,neutral,none,none,1,not available,6,0,1,0,0,0.5,no_ssl,0.0,0.0,0,0,
test-Ma1-7e3997b4524495555d780a1d3e6da2e0,0,0.2,0,,0.0,,,,,,,0,,,0.0,0.0,,,,0,0.0,0,,,0.0,,0,0.0,0.2,0,0,1.0,0,0.5,0.5,0.38,1,3,0,0.42,1,0,0.0,,0.9957,0,0,0,0.5354330708661417,1.0,0,neutral,fail,none,0,not available,3,0,0,0,0,0.15,no_ssl,0.0,0.0,0,0,
