email_id,spf_result,dmarc_result,dkim_result,request_type,is_high_risk_role_targeted,sender_name_similarity_to_vip,urgency_keywords_present,sender_spoof_detected,sender_temp_email_likelihood,url_shortener_detected,url_redirect_chain_length,url_decoded_spoof_detected,site_visual_similarity_to_known_brand,url_rendering_behavior_score,domain_known_malicious,dns_morphing_detected,return_path_mismatch_with_from,reply_path_diff_from_sender,reply_path_known_malicious,Binary_Label
safe-gen-0001,none,fail,neutral,none,0,0.0335,0.0,0.0,0.1105,0,1,0,0.1338,0.0087,0,0,0,0,0.0,Safe
safe-gen-0002,neutral,fail,neutral,none,0,0.0758,0.0,0.0,0.004,0,0,0,0.0975,0.0545,0,0,0,0,0.0,Safe
safe-gen-0003,fail,neutral,pass,none,0,0.001,0.0,0.0,0.1209,0,1,0,0.051,0.0155,0,0,0,0,0.0,Safe
safe-gen-0004,pass,none,fail,none,0,0.0145,0.0,0.0,0.1271,0,1,0,0.1211,0.073,0,0,0,0,0.0,Safe
safe-gen-0005,neutral,pass,neutral,none,0,0.0828,0.0,0.0,0.1244,0,1,0,0.1293,0.0577,0,0,0,0,0.0,Safe
safe-gen-0006,temperror,fail,neutral,none,0,0.0434,0.0,0.0,0.012,0,0,0,0.0152,0.0278,0,0,0,0,0.0,Safe
safe-gen-0007,none,none,neutral,none,0,0.0314,0.0,0.0,0.04,0,2,0,0.0972,0.0609,0,0,0,0,0.0,Safe
safe-gen-0008,fail,pass,fail,none,0,0.0569,0.0,0.0,0.1484,0,1,0,0.0835,0.0685,0,0,0,0,0.0,Safe
safe-gen-0009,pass,pass,neutral,none,0,0.0048,0.0,0.0,0.0473,0,0,0,0.0316,0.0943,0,0,0,0,0.0,Safe
safe-gen-0010,pass,none,temperror,none,0,0.0593,0.0,0.0,0.1372,0,0,0,0.0397,0.0247,0,0,0,0,0.0,Safe
safe-gen-0011,none,none,none,none,0,0.1347,0.0,0.0,0.0599,0,0,0,0.1496,0.051,0,0,0,0,0.0,Safe
safe-gen-0012,fail,fail,fail,none,0,0.0941,0.0,0.0,0.1188,0,0,0,0.0095,0.0382,0,0,0,0,0.0,Safe
safe-gen-0013,pass,neutral,pass,none,0,0.1291,0.0,0.0,0.0017,0,1,0,0.1023,0.0537,0,0,0,0,0.0,Safe
safe-gen-0014,softfail,temperror,fail,none,0,0.0652,0.0,0.0,0.0681,0,2,0,0.1314,0.0263,0,0,0,0,0.0,Safe
safe-gen-0015,neutral,fail,pass,none,0,0.1306,0.0,0.0,0.0448,0,1,0,0.0913,0.0153,0,0,0,0,0.0,Safe
safe-gen-0016,pass,neutral,pass,none,0,0.0796,0.0,0.0,0.0001,0,0,0,0.0029,0.0929,0,0,0,0,0.0,Safe
safe-gen-0017,pass,pass,neutral,none,0,0.0087,0.0,0.0,0.1317,0,2,0,0.0128,0.0486,0,0,0,0,0.0,Safe
safe-gen-0018,fail,pass,pass,none,0,0.0193,0.0,0.0,0.0713,0,1,0,0.0398,0.0872,0,0,0,0,0.0,Safe
safe-gen-0019,neutral,none,none,none,0,0.1095,0.0,0.0,0.0302,0,0,0,0.1493,0.065,0,0,0,0,0.0,Safe
safe-gen-0020,neutral,neutral,fail,none,0,0.0337,0.0,0.0,0.0507,0,1,0,0.0345,0.022,0,0,0,0,0.0,Safe
safe-gen-0021,fail,temperror,neutral,none,0,0.1358,0.0,0.0,0.1289,0,0,0,0.0357,0.0669,0,0,0,0,0.0,Safe
safe-gen-0022,fail,fail,pass,none,0,0.0857,0.0,0.0,0.0709,0,1,0,0.1211,0.019,0,0,0,0,0.0,Safe
safe-gen-0023,fail,none,neutral,none,0,0.0701,0.0,0.0,0.1094,0,1,0,0.1476,0.0098,0,0,0,0,0.0,Safe
safe-gen-0024,neutral,none,pass,none,0,0.0373,0.0,0.0,0.0285,0,0,0,0.0633,0.0279,0,0,0,0,0.0,Safe
safe-gen-0025,fail,pass,neutral,none,0,0.1292,0.0,0.0,0.0825,0,0,0,0.1499,0.0836,0,0,0,0,0.0,Safe
safe-gen-0026,pass,pass,pass,none,0,0.0249,0.0,0.0,0.0728,0,0,0,0.0602,0.0059,0,0,0,0,0.0,Safe
safe-gen-0027,softfail,pass,neutral,none,0,0.1176,0.0,0.0,0.0683,0,0,0,0.1436,0.0995,0,0,0,0,0.0,Safe
safe-gen-0028,none,pass,fail,none,0,0.0445,0.0,0.0,0.1453,0,1,0,0.0813,0.0748,0,0,0,0,0.0,Safe
safe-gen-0029,fail,neutral,none,none,0,0.1279,0.0,0.0,0.0236,0,2,0,0.012,0.0186,0,0,0,0,0.0,Safe
safe-gen-0030,none,temperror,neutral,none,0,0.018,0.0,0.0,0.1335,0,0,0,0.0892,0.0619,0,0,0,0,0.0,Safe
safe-gen-0031,neutral,neutral,none,none,0,0.1402,0.0,0.0,0.0306,0,1,0,0.0358,0.0396,0,0,0,0,0.0,Safe
safe-gen-0032,temperror,none,neutral,none,0,0.1128,0.0,0.0,0.0109,0,0,0,0.1498,0.0996,0,0,0,0,0.0,Safe
safe-gen-0033,fail,none,neutral,none,0,0.14,0.0,0.0,0.1321,0,2,0,0.0554,0.0158,0,0,0,0,0.0,Safe
safe-gen-0034,pass,pass,temperror,none,0,0.1481,0.0,0.0,0.0981,0,0,0,0.1226,0.0299,0,0,0,0,0.0,Safe
safe-gen-0035,temperror,pass,fail,none,0,0.0173,0.0,0.0,0.0161,0,1,0,0.0409,0.0605,0,0,0,0,0.0,Safe
safe-gen-0036,temperror,none,temperror,none,0,0.0396,0.0,0.0,0.0733,0,2,0,0.1269,0.0092,0,0,0,0,0.0,Safe
safe-gen-0037,neutral,none,fail,none,0,0.1157,0.0,0.0,0.0956,0,0,0,0.1112,0.0552,0,0,0,0,0.0,Safe
safe-gen-0038,neutral,fail,fail,none,0,0.1325,0.0,0.0,0.1356,0,1,0,0.1252,0.0583,0,0,0,0,0.0,Safe
safe-gen-0039,fail,fail,neutral,none,0,0.1348,0.0,0.0,0.1194,0,2,0,0.1348,0.021,0,0,0,0,0.0,Safe
safe-gen-0040,fail,fail,pass,none,0,0.1326,0.0,0.0,0.061,0,1,0,0.0232,0.093,0,0,0,0,0.0,Safe
safe-gen-0041,pass,pass,pass,none,0,0.1322,0.0,0.0,0.0037,0,1,0,0.0498,0.0931,0,0,0,0,0.0,Safe
safe-gen-0042,pass,pass,pass,none,0,0.04,0.0,0.0,0.1181,0,0,0,0.1308,0.0859,0,0,0,0,0.0,Safe
safe-gen-0043,fail,pass,none,none,0,0.0458,0.0,0.0,0.1193,0,0,0,0.0035,0.0193,0,0,0,0,0.0,Safe
safe-gen-0044,softfail,pass,pass,none,0,0.0419,0.0,0.0,0.0962,0,0,0,0.1472,0.0536,0,0,0,0,0.0,Safe
safe-gen-0045,pass,fail,pass,none,0,0.0268,0.0,0.0,0.1444,0,0,0,0.0163,0.0435,0,0,0,0,0.0,Safe
safe-gen-0046,temperror,none,temperror,none,0,0.0767,0.0,0.0,0.0578,0,1,0,0.0382,0.0709,0,0,0,0,0.0,Safe
safe-gen-0047,fail,pass,none,none,0,0.1079,0.0,0.0,0.1113,0,1,0,0.0546,0.007,0,0,0,0,0.0,Safe
safe-gen-0048,temperror,none,neutral,none,0,0.1272,0.0,0.0,0.108,0,0,0,0.0464,0.0408,0,0,0,0,0.0,Safe
safe-gen-0049,neutral,none,fail,none,0,0.0631,0.0,0.0,0.1411,0,1,0,0.1354,0.0616,0,0,0,0,0.0,Safe
safe-gen-0050,softfail,neutral,fail,none,0,0.043,0.0,0.0,0.0645,0,1,0,0.0982,0.0465,0,0,0,0,0.0,Safe
safe-gen-0051,neutral,none,none,none,0,0.1352,0.0,0.0,0.1194,0,0,0,0.0127,0.0515,0,0,0,0,0.0,Safe
safe-gen-0052,none,none,pass,none,0,0.1127,0.0,0.0,0.1009,0,0,0,0.0299,0.0024,0,0,0,0,0.0,Safe
safe-gen-0053,fail,neutral,pass,none,0,0.0109,0.0,0.0,0.0622,0,1,0,0.0292,0.0696,0,0,0,0,0.0,Safe
safe-gen-0054,neutral,none,temperror,none,0,0.0008,0.0,0.0,0.1126,0,1,0,0.016,0.0425,0,0,0,0,0.0,Safe
safe-gen-0055,fail,pass,none,none,0,0.0075,0.0,0.0,0.0374,0,2,0,0.0685,0.0801,0,0,0,0,0.0,Safe
safe-gen-0056,temperror,pass,none,none,0,0.1425,0.0,0.0,0.1337,0,1,0,0.1079,0.0505,0,0,0,0,0.0,Safe
safe-gen-0057,pass,neutral,pass,none,0,0.1115,0.0,0.0,0.0712,0,0,0,0.0371,0.0638,0,0,0,0,0.0,Safe
safe-gen-0058,pass,neutral,temperror,none,0,0.0412,0.0,0.0,0.0116,0,0,0,0.0408,0.032,0,0,0,0,0.0,Safe
safe-gen-0059,neutral,fail,neutral,none,0,0.1041,0.0,0.0,0.106,0,0,0,0.0611,0.0543,0,0,0,0,0.0,Safe
safe-gen-0060,neutral,none,neutral,none,0,0.1357,0.0,0.0,0.0876,0,1,0,0.1285,0.0766,0,0,0,0,0.0,Safe
safe-gen-0061,softfail,fail,neutral,none,0,0.113,0.0,0.0,0.128,0,2,0,0.0629,0.0748,0,0,0,0,0.0,Safe
safe-gen-0062,neutral,temperror,neutral,none,0,0.0329,0.0,0.0,0.0654,0,0,0,0.0504,0.0679,0,0,0,0,0.0,Safe
safe-gen-0063,neutral,fail,none,none,0,0.0191,0.0,0.0,0.0933,0,0,0,0.0591,0.0564,0,0,0,0,0.0,Safe
safe-gen-0064,fail,temperror,fail,none,0,0.0693,0.0,0.0,0.0075,0,0,0,0.0317,0.0327,0,0,0,0,0.0,Safe
safe-gen-0065,pass,none,pass,none,0,0.1248,0.0,0.0,0.0378,0,0,0,0.0029,0.0539,0,0,0,0,0.0,Safe
safe-gen-0066,pass,none,temperror,none,0,0.1172,0.0,0.0,0.0978,0,1,0,0.1424,0.0199,0,0,0,0,0.0,Safe
safe-gen-0067,fail,fail,fail,none,0,0.1004,0.0,0.0,0.0846,0,0,0,0.1049,0.0767,0,0,0,0,0.0,Safe
safe-gen-0068,fail,temperror,pass,none,0,0.0172,0.0,0.0,0.1229,0,2,0,0.0162,0.0026,0,0,0,0,0.0,Safe
safe-gen-0069,softfail,temperror,pass,none,0,0.0595,0.0,0.0,0.1073,0,0,0,0.1036,0.0627,0,0,0,0,0.0,Safe
safe-gen-0070,fail,pass,pass,none,0,0.0901,0.0,0.0,0.0182,0,2,0,0.1174,0.0347,0,0,0,0,0.0,Safe
safe-gen-0071,neutral,none,none,none,0,0.0512,0.0,0.0,0.1274,0,2,0,0.0158,0.0961,0,0,0,0,0.0,Safe
safe-gen-0072,none,pass,pass,none,0,0.0653,0.0,0.0,0.1101,0,2,0,0.0405,0.0808,0,0,0,0,0.0,Safe
safe-gen-0073,neutral,neutral,neutral,none,0,0.1097,0.0,0.0,0.0403,0,2,0,0.1246,0.0087,0,0,0,0,0.0,Safe
safe-gen-0074,pass,none,none,none,0,0.0915,0.0,0.0,0.0568,0,0,0,0.1276,0.0182,0,0,0,0,0.0,Safe
safe-gen-0075,fail,pass,neutral,none,0,0.132,0.0,0.0,0.1052,0,0,0,0.0015,0.0948,0,0,0,0,0.0,Safe
safe-gen-0076,fail,pass,none,none,0,0.1137,0.0,0.0,0.1036,0,1,0,0.0736,0.0793,0,0,0,0,0.0,Safe
safe-gen-0077,fail,none,temperror,none,0,0.0459,0.0,0.0,0.0872,0,0,0,0.0796,0.0426,0,0,0,0,0.0,Safe
safe-gen-0078,temperror,none,pass,none,0,0.0406,0.0,0.0,0.0377,0,0,0,0.0289,0.012,0,0,0,0,0.0,Safe
safe-gen-0079,neutral,pass,fail,none,0,0.0325,0.0,0.0,0.0726,0,1,0,0.1465,0.0525,0,0,0,0,0.0,Safe
safe-gen-0080,softfail,fail,fail,none,0,0.0341,0.0,0.0,0.0269,0,0,0,0.0801,0.0274,0,0,0,0,0.0,Safe
safe-gen-0081,pass,neutral,temperror,none,0,0.0189,0.0,0.0,0.1303,0,0,0,0.1309,0.0574,0,0,0,0,0.0,Safe
safe-gen-0082,neutral,none,fail,none,0,0.0077,0.0,0.0,0.1412,0,0,0,0.1233,0.0401,0,0,0,0,0.0,Safe
safe-gen-0083,fail,temperror,fail,none,0,0.0224,0.0,0.0,0.0844,0,0,0,0.1491,0.0118,0,0,0,0,0.0,Safe
safe-gen-0084,pass,temperror,pass,none,0,0.0339,0.0,0.0,0.0784,0,0,0,0.0664,0.086,0,0,0,0,0.0,Safe
safe-gen-0085,pass,none,temperror,none,0,0.0914,0.0,0.0,0.111,0,2,0,0.0312,0.0211,0,0,0,0,0.0,Safe
safe-gen-0086,temperror,fail,fail,none,0,0.0113,0.0,0.0,0.0004,0,0,0,0.0891,0.0291,0,0,0,0,0.0,Safe
safe-gen-0087,fail,pass,pass,none,0,0.0681,0.0,0.0,0.1031,0,2,0,0.1182,0.0625,0,0,0,0,0.0,Safe
safe-gen-0088,temperror,pass,neutral,none,0,0.0817,0.0,0.0,0.0971,0,2,0,0.124,0.0071,0,0,0,0,0.0,Safe
safe-gen-0089,fail,none,pass,none,0,0.0854,0.0,0.0,0.0433,0,0,0,0.1033,0.07,0,0,0,0,0.0,Safe
safe-gen-0090,pass,neutral,none,none,0,0.0121,0.0,0.0,0.006,0,0,0,0.0483,0.025,0,0,0,0,0.0,Safe
safe-gen-0091,fail,pass,pass,none,0,0.0863,0.0,0.0,0.1426,0,2,0,0.1008,0.027,0,0,0,0,0.0,Safe
safe-gen-0092,fail,pass,none,none,0,0.0977,0.0,0.0,0.1374,0,0,0,0.0878,0.0635,0,0,0,0,0.0,Safe
safe-gen-0093,neutral,fail,neutral,none,0,0.05,0.0,0.0,0.1005,0,2,0,0.0495,0.0694,0,0,0,0,0.0,Safe
safe-gen-0094,softfail,pass,pass,none,0,0.0825,0.0,0.0,0.0682,0,0,0,0.0485,0.097,0,0,0,0,0.0,Safe
safe-gen-0095,neutral,neutral,pass,none,0,0.0986,0.0,0.0,0.0814,0,0,0,0.0281,0.0362,0,0,0,0,0.0,Safe
safe-gen-0096,pass,temperror,pass,none,0,0.0305,0.0,0.0,0.0824,0,2,0,0.0657,0.0698,0,0,0,0,0.0,Safe
safe-gen-0097,fail,pass,temperror,none,0,0.0359,0.0,0.0,0.0238,0,1,0,0.0828,0.0093,0,0,0,0,0.0,Safe
safe-gen-0098,pass,pass,none,none,0,0.0176,0.0,0.0,0.1248,0,0,0,0.1075,0.0509,0,0,0,0,0.0,Safe
safe-gen-0099,softfail,pass,pass,none,0,0.0366,0.0,0.0,0.0827,0,0,0,0.1383,0.0508,0,0,0,0,0.0,Safe
safe-gen-0100,pass,pass,neutral,none,0,0.1185,0.0,0.0,0.0622,0,2,0,0.0762,0.0821,0,0,0,0,0.0,Safe
safe-gen-0101,softfail,none,none,none,0,0.1498,0.0,0.0,0.0734,0,0,0,0.0808,0.0345,0,0,0,0,0.0,Safe
safe-gen-0102,none,neutral,none,none,0,0.0483,0.0,0.0,0.0283,0,1,0,0.0858,0.0234,0,0,0,0,0.0,Safe
safe-gen-0103,pass,fail,pass,none,0,0.1058,0.0,0.0,0.1217,0,0,0,0.0996,0.0821,0,0,0,0,0.0,Safe
safe-gen-0104,pass,neutral,fail,none,0,0.0753,0.0,0.0,0.0885,0,2,0,0.1311,0.044,0,0,0,0,0.0,Safe
safe-gen-0105,neutral,neutral,pass,none,0,0.0615,0.0,0.0,0.0982,0,0,0,0.0704,0.0969,0,0,0,0,0.0,Safe
safe-gen-0106,softfail,temperror,temperror,none,0,0.1278,0.0,0.0,0.1279,0,2,0,0.057,0.0317,0,0,0,0,0.0,Safe
safe-gen-0107,temperror,pass,pass,none,0,0.0054,0.0,0.0,0.0103,0,1,0,0.1381,0.0997,0,0,0,0,0.0,Safe
safe-gen-0108,temperror,none,fail,none,0,0.0951,0.0,0.0,0.1309,0,0,0,0.1041,0.0903,0,0,0,0,0.0,Safe
safe-gen-0109,fail,pass,neutral,none,0,0.0562,0.0,0.0,0.0218,0,1,0,0.0849,0.0793,0,0,0,0,0.0,Safe
safe-gen-0110,fail,fail,pass,none,0,0.093,0.0,0.0,0.0361,0,2,0,0.0215,0.0461,0,0,0,0,0.0,Safe
safe-gen-0111,softfail,none,fail,none,0,0.1207,0.0,0.0,0.1352,0,1,0,0.0237,0.0442,0,0,0,0,0.0,Safe
safe-gen-0112,softfail,neutral,temperror,none,0,0.0636,0.0,0.0,0.0375,0,2,0,0.0299,0.0385,0,0,0,0,0.0,Safe
safe-gen-0113,neutral,none,none,none,0,0.0862,0.0,0.0,0.1489,0,0,0,0.1467,0.0658,0,0,0,0,0.0,Safe
safe-gen-0114,softfail,neutral,temperror,none,0,0.1117,0.0,0.0,0.0074,0,1,0,0.0745,0.0904,0,0,0,0,0.0,Safe
safe-gen-0115,softfail,pass,temperror,none,0,0.0528,0.0,0.0,0.0955,0,1,0,0.1017,0.0721,0,0,0,0,0.0,Safe
safe-gen-0116,temperror,pass,temperror,none,0,0.1355,0.0,0.0,0.097,0,0,0,0.0661,0.058,0,0,0,0,0.0,Safe
safe-gen-0117,temperror,fail,neutral,none,0,0.1121,0.0,0.0,0.0263,0,0,0,0.0809,0.0971,0,0,0,0,0.0,Safe
safe-gen-0118,neutral,pass,pass,none,0,0.0385,0.0,0.0,0.1237,0,0,0,0.121,0.0747,0,0,0,0,0.0,Safe
safe-gen-0119,softfail,fail,pass,none,0,0.0211,0.0,0.0,0.145,0,2,0,0.1086,0.098,0,0,0,0,0.0,Safe
safe-gen-0120,pass,pass,neutral,none,0,0.1186,0.0,0.0,0.0021,0,1,0,0.0682,0.0673,0,0,0,0,0.0,Safe
safe-gen-0121,temperror,neutral,pass,none,0,0.141,0.0,0.0,0.0163,0,0,0,0.0038,0.0884,0,0,0,0,0.0,Safe
safe-gen-0122,none,pass,neutral,none,0,0.0095,0.0,0.0,0.1236,0,2,0,0.0453,0.0408,0,0,0,0,0.0,Safe
safe-gen-0123,fail,pass,neutral,none,0,0.0739,0.0,0.0,0.0146,0,2,0,0.0203,0.0454,0,0,0,0,0.0,Safe
safe-gen-0124,temperror,pass,pass,none,0,0.0629,0.0,0.0,0.1113,0,0,0,0.0622,0.0099,0,0,0,0,0.0,Safe
safe-gen-0125,neutral,none,pass,none,0,0.0049,0.0,0.0,0.0556,0,0,0,0.1426,0.0855,0,0,0,0,0.0,Safe
safe-gen-0126,fail,temperror,none,none,0,0.1467,0.0,0.0,0.0538,0,0,0,0.0285,0.0122,0,0,0,0,0.0,Safe
safe-gen-0127,pass,neutral,temperror,none,0,0.0963,0.0,0.0,0.0896,0,0,0,0.118,0.0244,0,0,0,0,0.0,Safe
safe-gen-0128,fail,neutral,fail,none,0,0.1148,0.0,0.0,0.0311,0,0,0,0.1305,0.0329,0,0,0,0,0.0,Safe
safe-gen-0129,fail,pass,fail,none,0,0.1288,0.0,0.0,0.0217,0,0,0,0.0376,0.0174,0,0,0,0,0.0,Safe
safe-gen-0130,temperror,fail,fail,none,0,0.1185,0.0,0.0,0.0357,0,0,0,0.0261,0.0052,0,0,0,0,0.0,Safe
safe-gen-0131,temperror,neutral,pass,none,0,0.0714,0.0,0.0,0.1167,0,1,0,0.0164,0.0504,0,0,0,0,0.0,Safe
safe-gen-0132,pass,fail,pass,none,0,0.13,0.0,0.0,0.0782,0,0,0,0.1446,0.0061,0,0,0,0,0.0,Safe
safe-gen-0133,neutral,none,temperror,none,0,0.0735,0.0,0.0,0.1365,0,0,0,0.0121,0.0608,0,0,0,0,0.0,Safe
safe-gen-0134,fail,none,temperror,none,0,0.0823,0.0,0.0,0.0488,0,2,0,0.0796,0.0454,0,0,0,0,0.0,Safe
safe-gen-0135,none,fail,pass,none,0,0.1279,0.0,0.0,0.0976,0,1,0,0.1081,0.0215,0,0,0,0,0.0,Safe
safe-gen-0136,neutral,none,neutral,none,0,0.068,0.0,0.0,0.0624,0,0,0,0.064,0.0665,0,0,0,0,0.0,Safe
safe-gen-0137,softfail,fail,pass,none,0,0.0101,0.0,0.0,0.1248,0,0,0,0.0145,0.0739,0,0,0,0,0.0,Safe
safe-gen-0138,pass,neutral,none,none,0,0.0842,0.0,0.0,0.0494,0,0,0,0.053,0.0665,0,0,0,0,0.0,Safe
safe-gen-0139,pass,pass,pass,none,0,0.1453,0.0,0.0,0.0901,0,0,0,0.0867,0.0213,0,0,0,0,0.0,Safe
safe-gen-0140,temperror,none,fail,none,0,0.1268,0.0,0.0,0.0551,0,1,0,0.0861,0.0807,0,0,0,0,0.0,Safe
safe-gen-0141,pass,pass,pass,none,0,0.092,0.0,0.0,0.0964,0,0,0,0.1394,0.0829,0,0,0,0,0.0,Safe
safe-gen-0142,softfail,fail,pass,none,0,0.0463,0.0,0.0,0.051,0,0,0,0.1305,0.0566,0,0,0,0,0.0,Safe
safe-gen-0143,neutral,fail,temperror,none,0,0.0046,0.0,0.0,0.1119,0,0,0,0.063,0.0341,0,0,0,0,0.0,Safe
safe-gen-0144,softfail,pass,pass,none,0,0.0851,0.0,0.0,0.0127,0,0,0,0.0236,0.0618,0,0,0,0,0.0,Safe
safe-gen-0145,temperror,none,temperror,none,0,0.0728,0.0,0.0,0.0663,0,0,0,0.1132,0.0114,0,0,0,0,0.0,Safe
safe-gen-0146,neutral,none,temperror,none,0,0.073,0.0,0.0,0.1001,0,0,0,0.0593,0.0599,0,0,0,0,0.0,Safe
safe-gen-0147,fail,none,neutral,none,0,0.0206,0.0,0.0,0.0383,0,0,0,0.0012,0.0747,0,0,0,0,0.0,Safe
safe-gen-0148,fail,none,pass,none,0,0.075,0.0,0.0,0.125,0,2,0,0.0108,0.0862,0,0,0,0,0.0,Safe
safe-gen-0149,fail,fail,pass,none,0,0.1293,0.0,0.0,0.0864,0,1,0,0.1064,0.0418,0,0,0,0,0.0,Safe
safe-gen-0150,fail,fail,neutral,none,0,0.1202,0.0,0.0,0.0927,0,2,0,0.138,0.0088,0,0,0,0,0.0,Safe
safe-gen-0151,pass,none,none,none,0,0.0786,0.0,0.0,0.0594,0,0,0,0.0509,0.0333,0,0,0,0,0.0,Safe
safe-gen-0152,fail,neutral,fail,none,0,0.0765,0.0,0.0,0.1359,0,0,0,0.1091,0.0819,0,0,0,0,0.0,Safe
safe-gen-0153,pass,none,fail,none,0,0.0296,0.0,0.0,0.0904,0,1,0,0.0983,0.0177,0,0,0,0,0.0,Safe
safe-gen-0154,pass,neutral,pass,none,0,0.114,0.0,0.0,0.0673,0,2,0,0.0847,0.0635,0,0,0,0,0.0,Safe
safe-gen-0155,none,pass,temperror,none,0,0.0226,0.0,0.0,0.0102,0,0,0,0.0454,0.0275,0,0,0,0,0.0,Safe
safe-gen-0156,fail,neutral,neutral,none,0,0.0678,0.0,0.0,0.0085,0,2,0,0.0115,0.0864,0,0,0,0,0.0,Safe
safe-gen-0157,pass,temperror,none,none,0,0.0694,0.0,0.0,0.0831,0,1,0,0.1344,0.045,0,0,0,0,0.0,Safe
safe-gen-0158,pass,temperror,neutral,none,0,0.0713,0.0,0.0,0.0226,0,0,0,0.0155,0.0899,0,0,0,0,0.0,Safe
safe-gen-0159,softfail,pass,none,none,0,0.0259,0.0,0.0,0.0372,0,0,0,0.0659,0.0523,0,0,0,0,0.0,Safe
safe-gen-0160,fail,none,neutral,none,0,0.0613,0.0,0.0,0.0508,0,1,0,0.1184,0.0647,0,0,0,0,0.0,Safe
safe-gen-0161,fail,fail,temperror,none,0,0.0426,0.0,0.0,0.1086,0,1,0,0.136,0.0873,0,0,0,0,0.0,Safe
safe-gen-0162,softfail,neutral,fail,none,0,0.0525,0.0,0.0,0.1452,0,1,0,0.0588,0.0595,0,0,0,0,0.0,Safe
safe-gen-0163,pass,none,neutral,none,0,0.1187,0.0,0.0,0.122,0,1,0,0.1243,0.0739,0,0,0,0,0.0,Safe
safe-gen-0164,temperror,neutral,temperror,none,0,0.0635,0.0,0.0,0.0543,0,0,0,0.027,0.0214,0,0,0,0,0.0,Safe
safe-gen-0165,pass,neutral,neutral,none,0,0.0206,0.0,0.0,0.0116,0,2,0,0.0152,0.0771,0,0,0,0,0.0,Safe
safe-gen-0166,pass,pass,fail,none,0,0.0505,0.0,0.0,0.1149,0,0,0,0.0565,0.0162,0,0,0,0,0.0,Safe
safe-gen-0167,pass,pass,pass,none,0,0.0248,0.0,0.0,0.0657,0,0,0,0.1015,0.0238,0,0,0,0,0.0,Safe
safe-gen-0168,neutral,none,pass,none,0,0.0673,0.0,0.0,0.0801,0,0,0,0.1213,0.0469,0,0,0,0,0.0,Safe
safe-gen-0169,pass,none,pass,none,0,0.1477,0.0,0.0,0.0693,0,0,0,0.0573,0.0527,0,0,0,0,0.0,Safe
safe-gen-0170,pass,pass,pass,none,0,0.0208,0.0,0.0,0.0375,0,1,0,0.1311,0.0555,0,0,0,0,0.0,Safe
safe-gen-0171,fail,pass,pass,none,0,0.0428,0.0,0.0,0.1145,0,0,0,0.1358,0.0147,0,0,0,0,0.0,Safe
safe-gen-0172,neutral,pass,neutral,none,0,0.0677,0.0,0.0,0.0524,0,0,0,0.008,0.0502,0,0,0,0,0.0,Safe
safe-gen-0173,fail,pass,neutral,none,0,0.0042,0.0,0.0,0.1396,0,2,0,0.0975,0.0791,0,0,0,0,0.0,Safe
safe-gen-0174,fail,none,pass,none,0,0.1044,0.0,0.0,0.0208,0,1,0,0.0673,0.0005,0,0,0,0,0.0,Safe
safe-gen-0175,fail,none,pass,none,0,0.0823,0.0,0.0,0.1091,0,1,0,0.0167,0.0288,0,0,0,0,0.0,Safe
safe-gen-0176,softfail,fail,neutral,none,0,0.1191,0.0,0.0,0.0686,0,0,0,0.1358,0.0597,0,0,0,0,0.0,Safe
safe-gen-0177,fail,neutral,neutral,none,0,0.0215,0.0,0.0,0.0644,0,1,0,0.0361,0.0417,0,0,0,0,0.0,Safe
safe-gen-0178,temperror,fail,pass,none,0,0.0102,0.0,0.0,0.0789,0,1,0,0.1482,0.0554,0,0,0,0,0.0,Safe
safe-gen-0179,softfail,neutral,temperror,none,0,0.1472,0.0,0.0,0.038,0,0,0,0.1183,0.0345,0,0,0,0,0.0,Safe
safe-gen-0180,temperror,temperror,pass,none,0,0.1103,0.0,0.0,0.0499,0,0,0,0.0819,0.0814,0,0,0,0,0.0,Safe
safe-gen-0181,fail,pass,none,none,0,0.1043,0.0,0.0,0.0948,0,2,0,0.0095,0.0776,0,0,0,0,0.0,Safe
safe-gen-0182,neutral,none,fail,none,0,0.0299,0.0,0.0,0.0063,0,2,0,0.0773,0.0989,0,0,0,0,0.0,Safe
safe-gen-0183,neutral,none,pass,none,0,0.0287,0.0,0.0,0.0535,0,1,0,0.1299,0.0332,0,0,0,0,0.0,Safe
safe-gen-0184,fail,none,pass,none,0,0.1115,0.0,0.0,0.1342,0,0,0,0.1461,0.0496,0,0,0,0,0.0,Safe
safe-gen-0185,neutral,pass,none,none,0,0.1202,0.0,0.0,0.1091,0,0,0,0.0904,0.0822,0,0,0,0,0.0,Safe
safe-gen-0186,neutral,none,fail,none,0,0.0991,0.0,0.0,0.046,0,1,0,0.0639,0.069,0,0,0,0,0.0,Safe
safe-gen-0187,softfail,fail,pass,none,0,0.0529,0.0,0.0,0.1497,0,0,0,0.147,0.0948,0,0,0,0,0.0,Safe
safe-gen-0188,fail,temperror,neutral,none,0,0.1202,0.0,0.0,0.1019,0,2,0,0.0214,0.0608,0,0,0,0,0.0,Safe
safe-gen-0189,pass,fail,fail,none,0,0.1168,0.0,0.0,0.0549,0,0,0,0.0851,0.0605,0,0,0,0,0.0,Safe
safe-gen-0190,temperror,pass,neutral,none,0,0.1145,0.0,0.0,0.0861,0,1,0,0.0597,0.065,0,0,0,0,0.0,Safe
safe-gen-0191,fail,fail,pass,none,0,0.0749,0.0,0.0,0.058,0,1,0,0.0393,0.026,0,0,0,0,0.0,Safe
safe-gen-0192,neutral,pass,neutral,none,0,0.1375,0.0,0.0,0.0737,0,0,0,0.1279,0.0452,0,0,0,0,0.0,Safe
safe-gen-0193,pass,none,fail,none,0,0.1023,0.0,0.0,0.1268,0,0,0,0.0521,0.0065,0,0,0,0,0.0,Safe
safe-gen-0194,neutral,pass,pass,none,0,0.1068,0.0,0.0,0.1391,0,1,0,0.1191,0.0509,0,0,0,0,0.0,Safe
safe-gen-0195,fail,none,fail,none,0,0.1186,0.0,0.0,0.0039,0,1,0,0.0553,0.0804,0,0,0,0,0.0,Safe
safe-gen-0196,none,temperror,fail,none,0,0.0464,0.0,0.0,0.1499,0,1,0,0.0789,0.0769,0,0,0,0,0.0,Safe
safe-gen-0197,pass,fail,pass,none,0,0.0964,0.0,0.0,0.0675,0,1,0,0.0517,0.0878,0,0,0,0,0.0,Safe
safe-gen-0198,pass,temperror,fail,none,0,0.1449,0.0,0.0,0.0649,0,2,0,0.0083,0.0124,0,0,0,0,0.0,Safe
safe-gen-0199,fail,fail,neutral,none,0,0.1064,0.0,0.0,0.0519,0,2,0,0.1342,0.0846,0,0,0,0,0.0,Safe
safe-gen-0200,softfail,temperror,none,none,0,0.0188,0.0,0.0,0.0454,0,1,0,0.0754,0.0169,0,0,0,0,0.0,Safe
safe-gen-0201,pass,fail,temperror,none,0,0.1081,0.0,0.0,0.0908,0,2,0,0.0845,0.0825,0,0,0,0,0.0,Safe
safe-gen-0202,fail,fail,temperror,none,0,0.0865,0.0,0.0,0.0977,0,1,0,0.0625,0.0639,0,0,0,0,0.0,Safe
safe-gen-0203,neutral,temperror,neutral,none,0,0.1435,0.0,0.0,0.0724,0,2,0,0.1027,0.0297,0,0,0,0,0.0,Safe
safe-gen-0204,fail,fail,neutral,none,0,0.0726,0.0,0.0,0.0306,0,1,0,0.0469,0.0718,0,0,0,0,0.0,Safe
safe-gen-0205,temperror,pass,pass,none,0,0.0196,0.0,0.0,0.0556,0,1,0,0.0479,0.0466,0,0,0,0,0.0,Safe
safe-gen-0206,softfail,none,fail,none,0,0.0435,0.0,0.0,0.0576,0,1,0,0.0372,0.0865,0,0,0,0,0.0,Safe
safe-gen-0207,fail,none,none,none,0,0.0469,0.0,0.0,0.1145,0,0,0,0.0772,0.0499,0,0,0,0,0.0,Safe
safe-gen-0208,softfail,fail,pass,none,0,0.0758,0.0,0.0,0.145,0,0,0,0.0529,0.0051,0,0,0,0,0.0,Safe
safe-gen-0209,neutral,pass,temperror,none,0,0.0706,0.0,0.0,0.0805,0,2,0,0.0646,0.0882,0,0,0,0,0.0,Safe
safe-gen-0210,temperror,pass,neutral,none,0,0.0601,0.0,0.0,0.0855,0,0,0,0.083,0.0074,0,0,0,0,0.0,Safe
safe-gen-0211,neutral,pass,neutral,none,0,0.1484,0.0,0.0,0.1021,0,0,0,0.1463,0.0394,0,0,0,0,0.0,Safe
safe-gen-0212,pass,none,pass,none,0,0.1132,0.0,0.0,0.0299,0,1,0,0.075,0.0045,0,0,0,0,0.0,Safe
safe-gen-0213,fail,none,none,none,0,0.0685,0.0,0.0,0.0909,0,1,0,0.0492,0.0613,0,0,0,0,0.0,Safe
safe-gen-0214,fail,pass,pass,none,0,0.0449,0.0,0.0,0.0505,0,2,0,0.0799,0.0709,0,0,0,0,0.0,Safe
safe-gen-0215,softfail,pass,neutral,none,0,0.1011,0.0,0.0,0.147,0,1,0,0.1195,0.0725,0,0,0,0,0.0,Safe
safe-gen-0216,temperror,fail,none,none,0,0.1451,0.0,0.0,0.1174,0,1,0,0.0866,0.0721,0,0,0,0,0.0,Safe
safe-gen-0217,none,fail,temperror,none,0,0.093,0.0,0.0,0.1262,0,0,0,0.1021,0.0032,0,0,0,0,0.0,Safe
safe-gen-0218,pass,fail,fail,none,0,0.0471,0.0,0.0,0.0227,0,1,0,0.0616,0.0775,0,0,0,0,0.0,Safe
safe-gen-0219,pass,pass,pass,none,0,0.0093,0.0,0.0,0.0207,0,0,0,0.0488,0.0662,0,0,0,0,0.0,Safe
safe-gen-0220,neutral,none,fail,none,0,0.1368,0.0,0.0,0.0513,0,0,0,0.1158,0.0721,0,0,0,0,0.0,Safe
safe-gen-0221,none,temperror,temperror,none,0,0.0288,0.0,0.0,0.037,0,1,0,0.0337,0.0973,0,0,0,0,0.0,Safe
safe-gen-0222,softfail,none,neutral,none,0,0.1057,0.0,0.0,0.0476,0,0,0,0.1401,0.0795,0,0,0,0,0.0,Safe
safe-gen-0223,softfail,fail,temperror,none,0,0.057,0.0,0.0,0.147,0,2,0,0.1432,0.0805,0,0,0,0,0.0,Safe
safe-gen-0224,softfail,none,pass,none,0,0.052,0.0,0.0,0.0664,0,0,0,0.0719,0.0202,0,0,0,0,0.0,Safe
safe-gen-0225,neutral,pass,temperror,none,0,0.0206,0.0,0.0,0.0924,0,1,0,0.0364,0.067,0,0,0,0,0.0,Safe
safe-gen-0226,neutral,temperror,fail,none,0,0.062,0.0,0.0,0.1076,0,0,0,0.1156,0.0005,0,0,0,0,0.0,Safe
safe-gen-0227,none,pass,neutral,none,0,0.1403,0.0,0.0,0.1318,0,0,0,0.0299,0.0964,0,0,0,0,0.0,Safe
safe-gen-0228,softfail,temperror,pass,none,0,0.0134,0.0,0.0,0.0861,0,1,0,0.1085,0.0937,0,0,0,0,0.0,Safe
safe-gen-0229,pass,fail,pass,none,0,0.0264,0.0,0.0,0.1379,0,2,0,0.0595,0.0495,0,0,0,0,0.0,Safe
safe-gen-0230,pass,pass,pass,none,0,0.1315,0.0,0.0,0.0014,0,1,0,0.0161,0.0983,0,0,0,0,0.0,Safe
safe-gen-0231,softfail,pass,none,none,0,0.0741,0.0,0.0,0.1408,0,2,0,0.0702,0.0193,0,0,0,0,0.0,Safe
safe-gen-0232,fail,fail,none,none,0,0.0386,0.0,0.0,0.0279,0,1,0,0.1186,0.0568,0,0,0,0,0.0,Safe
safe-gen-0233,pass,fail,pass,none,0,0.1346,0.0,0.0,0.124,0,1,0,0.013,0.0669,0,0,0,0,0.0,Safe
safe-gen-0234,fail,fail,neutral,none,0,0.0372,0.0,0.0,0.0391,0,0,0,0.1131,0.0954,0,0,0,0,0.0,Safe
safe-gen-0235,softfail,pass,fail,none,0,0.0981,0.0,0.0,0.1039,0,0,0,0.0177,0.0307,0,0,0,0,0.0,Safe
safe-gen-0236,neutral,neutral,pass,none,0,0.1055,0.0,0.0,0.0466,0,0,0,0.1374,0.0295,0,0,0,0,0.0,Safe
safe-gen-0237,none,none,fail,none,0,0.023,0.0,0.0,0.1122,0,1,0,0.0624,0.0549,0,0,0,0,0.0,Safe
safe-gen-0238,neutral,neutral,temperror,none,0,0.0328,0.0,0.0,0.0371,0,1,0,0.131,0.0082,0,0,0,0,0.0,Safe
safe-gen-0239,neutral,pass,fail,none,0,0.0846,0.0,0.0,0.0093,0,1,0,0.0758,0.0573,0,0,0,0,0.0,Safe
safe-gen-0240,fail,none,none,none,0,0.0174,0.0,0.0,0.0308,0,1,0,0.0136,0.051,0,0,0,0,0.0,Safe
safe-gen-0241,pass,neutral,none,none,0,0.0685,0.0,0.0,0.0087,0,0,0,0.121,0.0723,0,0,0,0,0.0,Safe
safe-gen-0242,softfail,pass,pass,none,0,0.0867,0.0,0.0,0.0068,0,0,0,0.0096,0.0994,0,0,0,0,0.0,Safe
safe-gen-0243,pass,fail,pass,none,0,0.0048,0.0,0.0,0.0613,0,1,0,0.1149,0.0978,0,0,0,0,0.0,Safe
safe-gen-0244,none,none,pass,none,0,0.0574,0.0,0.0,0.1304,0,2,0,0.0563,0.0683,0,0,0,0,0.0,Safe
safe-gen-0245,temperror,neutral,temperror,none,0,0.0522,0.0,0.0,0.0268,0,1,0,0.0793,0.0728,0,0,0,0,0.0,Safe
safe-gen-0246,fail,fail,fail,none,0,0.0448,0.0,0.0,0.101,0,1,0,0.0798,0.0823,0,0,0,0,0.0,Safe
safe-gen-0247,fail,none,neutral,none,0,0.1406,0.0,0.0,0.1088,0,0,0,0.1214,0.0419,0,0,0,0,0.0,Safe
safe-gen-0248,pass,pass,fail,none,0,0.0309,0.0,0.0,0.0151,0,0,0,0.0897,0.0703,0,0,0,0,0.0,Safe
safe-gen-0249,fail,pass,neutral,none,0,0.0352,0.0,0.0,0.0326,0,2,0,0.0085,0.0504,0,0,0,0,0.0,Safe
safe-gen-0250,softfail,pass,pass,none,0,0.0478,0.0,0.0,0.0897,0,1,0,0.0481,0.0302,0,0,0,0,0.0,Safe
safe-gen-0251,fail,temperror,neutral,none,0,0.0451,0.0,0.0,0.0091,0,2,0,0.132,0.0912,0,0,0,0,0.0,Safe
safe-gen-0252,none,none,none,none,0,0.1458,0.0,0.0,0.1412,0,1,0,0.1179,0.0319,0,0,0,0,0.0,Safe
safe-gen-0253,neutral,fail,neutral,none,0,0.1132,0.0,0.0,0.071,0,2,0,0.0451,0.0708,0,0,0,0,0.0,Safe
safe-gen-0254,pass,pass,none,none,0,0.1452,0.0,0.0,0.0836,0,0,0,0.0364,0.0203,0,0,0,0,0.0,Safe
safe-gen-0255,none,pass,pass,none,0,0.0139,0.0,0.0,0.1087,0,0,0,0.0403,0.0674,0,0,0,0,0.0,Safe
safe-gen-0256,none,pass,fail,none,0,0.1143,0.0,0.0,0.1086,0,1,0,0.0719,0.0869,0,0,0,0,0.0,Safe
safe-gen-0257,softfail,pass,fail,none,0,0.1406,0.0,0.0,0.1443,0,0,0,0.1499,0.0479,0,0,0,0,0.0,Safe
safe-gen-0258,fail,temperror,neutral,none,0,0.1373,0.0,0.0,0.0828,0,1,0,0.0571,0.0534,0,0,0,0,0.0,Safe
safe-gen-0259,softfail,none,none,none,0,0.0746,0.0,0.0,0.0148,0,2,0,0.0704,0.084,0,0,0,0,0.0,Safe
safe-gen-0260,pass,none,neutral,none,0,0.0844,0.0,0.0,0.0332,0,0,0,0.0391,0.0935,0,0,0,0,0.0,Safe
safe-gen-0261,none,none,fail,none,0,0.0495,0.0,0.0,0.057,0,2,0,0.0749,0.0655,0,0,0,0,0.0,Safe
safe-gen-0262,temperror,none,pass,none,0,0.145,0.0,0.0,0.0963,0,0,0,0.0252,0.0795,0,0,0,0,0.0,Safe
safe-gen-0263,fail,pass,none,none,0,0.1375,0.0,0.0,0.0813,0,1,0,0.0088,0.0034,0,0,0,0,0.0,Safe
safe-gen-0264,pass,pass,temperror,none,0,0.1147,0.0,0.0,0.0619,0,2,0,0.0347,0.0707,0,0,0,0,0.0,Safe
safe-gen-0265,fail,neutral,neutral,none,0,0.0927,0.0,0.0,0.1,0,1,0,0.0725,0.0488,0,0,0,0,0.0,Safe
safe-gen-0266,fail,neutral,fail,none,0,0.0794,0.0,0.0,0.0412,0,2,0,0.0026,0.0813,0,0,0,0,0.0,Safe
safe-gen-0267,temperror,pass,pass,none,0,0.0161,0.0,0.0,0.0144,0,0,0,0.0288,0.0526,0,0,0,0,0.0,Safe
safe-gen-0268,pass,none,neutral,none,0,0.056,0.0,0.0,0.0609,0,1,0,0.1485,0.0226,0,0,0,0,0.0,Safe
safe-gen-0269,temperror,pass,temperror,none,0,0.1287,0.0,0.0,0.1139,0,0,0,0.0569,0.0553,0,0,0,0,0.0,Safe
safe-gen-0270,fail,fail,fail,none,0,0.075,0.0,0.0,0.0651,0,1,0,0.0849,0.0858,0,0,0,0,0.0,Safe
safe-gen-0271,fail,neutral,fail,none,0,0.0317,0.0,0.0,0.1302,0,2,0,0.0713,0.0047,0,0,0,0,0.0,Safe
safe-gen-0272,fail,pass,pass,none,0,0.0845,0.0,0.0,0.0049,0,2,0,0.0472,0.0961,0,0,0,0,0.0,Safe
safe-gen-0273,none,pass,pass,none,0,0.0597,0.0,0.0,0.0115,0,0,0,0.0361,0.0835,0,0,0,0,0.0,Safe
safe-gen-0274,softfail,pass,neutral,none,0,0.1133,0.0,0.0,0.021,0,2,0,0.1086,0.0501,0,0,0,0,0.0,Safe
safe-gen-0275,pass,fail,neutral,none,0,0.1258,0.0,0.0,0.0511,0,1,0,0.1432,0.0397,0,0,0,0,0.0,Safe
safe-gen-0276,pass,fail,neutral,none,0,0.1489,0.0,0.0,0.0736,0,0,0,0.1412,0.0432,0,0,0,0,0.0,Safe
safe-gen-0277,temperror,temperror,fail,none,0,0.0928,0.0,0.0,0.1197,0,1,0,0.0123,0.0154,0,0,0,0,0.0,Safe
safe-gen-0278,temperror,temperror,pass,none,0,0.0475,0.0,0.0,0.016,0,0,0,0.0462,0.036,0,0,0,0,0.0,Safe
safe-gen-0279,softfail,fail,fail,none,0,0.0673,0.0,0.0,0.0832,0,0,0,0.0039,0.0354,0,0,0,0,0.0,Safe
safe-gen-0280,fail,neutral,neutral,none,0,0.0578,0.0,0.0,0.0438,0,0,0,0.0127,0.0901,0,0,0,0,0.0,Safe
safe-gen-0281,pass,pass,none,none,0,0.0254,0.0,0.0,0.0571,0,0,0,0.0452,0.0493,0,0,0,0,0.0,Safe
safe-gen-0282,fail,none,neutral,none,0,0.0726,0.0,0.0,0.0115,0,0,0,0.037,0.0625,0,0,0,0,0.0,Safe
safe-gen-0283,none,fail,fail,none,0,0.0457,0.0,0.0,0.1423,0,0,0,0.093,0.0804,0,0,0,0,0.0,Safe
safe-gen-0284,softfail,none,pass,none,0,0.1289,0.0,0.0,0.1461,0,0,0,0.0481,0.0947,0,0,0,0,0.0,Safe
safe-gen-0285,fail,none,pass,none,0,0.1453,0.0,0.0,0.0437,0,1,0,0.0737,0.0576,0,0,0,0,0.0,Safe
safe-gen-0286,fail,none,pass,none,0,0.0589,0.0,0.0,0.0171,0,1,0,0.0888,0.0546,0,0,0,0,0.0,Safe
safe-gen-0287,temperror,neutral,pass,none,0,0.0692,0.0,0.0,0.1063,0,0,0,0.0437,0.0693,0,0,0,0,0.0,Safe
safe-gen-0288,pass,pass,neutral,none,0,0.0749,0.0,0.0,0.095,0,0,0,0.0988,0.0715,0,0,0,0,0.0,Safe
safe-gen-0289,pass,fail,pass,none,0,0.0719,0.0,0.0,0.0601,0,1,0,0.1381,0.0692,0,0,0,0,0.0,Safe
safe-gen-0290,neutral,pass,neutral,none,0,0.1343,0.0,0.0,0.0805,0,1,0,0.0127,0.0769,0,0,0,0,0.0,Safe
safe-gen-0291,temperror,none,temperror,none,0,0.0066,0.0,0.0,0.1475,0,1,0,0.0599,0.0753,0,0,0,0,0.0,Safe
safe-gen-0292,pass,none,fail,none,0,0.0388,0.0,0.0,0.0766,0,1,0,0.0871,0.0575,0,0,0,0,0.0,Safe
safe-gen-0293,neutral,none,pass,none,0,0.0883,0.0,0.0,0.0751,0,0,0,0.0037,0.0105,0,0,0,0,0.0,Safe
safe-gen-0294,neutral,pass,fail,none,0,0.1411,0.0,0.0,0.0213,0,0,0,0.0683,0.0207,0,0,0,0,0.0,Safe
safe-gen-0295,neutral,neutral,neutral,none,0,0.1045,0.0,0.0,0.0478,0,0,0,0.1215,0.0115,0,0,0,0,0.0,Safe
safe-gen-0296,pass,temperror,temperror,none,0,0.0247,0.0,0.0,0.1476,0,0,0,0.0262,0.016,0,0,0,0,0.0,Safe
safe-gen-0297,none,pass,neutral,none,0,0.0608,0.0,0.0,0.0277,0,1,0,0.0648,0.0029,0,0,0,0,0.0,Safe
safe-gen-0298,none,fail,none,none,0,0.0583,0.0,0.0,0.1057,0,0,0,0.1128,0.0809,0,0,0,0,0.0,Safe
safe-gen-0299,fail,fail,pass,none,0,0.028,0.0,0.0,0.0489,0,0,0,0.0394,0.0863,0,0,0,0,0.0,Safe
safe-gen-0300,neutral,temperror,none,none,0,0.0917,0.0,0.0,0.0881,0,0,0,0.1268,0.0617,0,0,0,0,0.0,Safe
safe-gen-0301,pass,pass,neutral,none,0,0.0922,0.0,0.0,0.0127,0,0,0,0.0177,0.0305,0,0,0,0,0.0,Safe
safe-gen-0302,fail,temperror,none,none,0,0.0627,0.0,0.0,0.0207,0,0,0,0.0279,0.0636,0,0,0,0,0.0,Safe
safe-gen-0303,temperror,temperror,pass,none,0,0.0832,0.0,0.0,0.0734,0,0,0,0.0472,0.0451,0,0,0,0,0.0,Safe
safe-gen-0304,fail,none,fail,none,0,0.0205,0.0,0.0,0.1223,0,2,0,0.0758,0.0495,0,0,0,0,0.0,Safe
safe-gen-0305,temperror,none,pass,none,0,0.0733,0.0,0.0,0.0124,0,0,0,0.1142,0.0292,0,0,0,0,0.0,Safe
safe-gen-0306,softfail,neutral,fail,none,0,0.0686,0.0,0.0,0.1114,0,1,0,0.0825,0.0113,0,0,0,0,0.0,Safe
safe-gen-0307,fail,pass,pass,none,0,0.055,0.0,0.0,0.1234,0,0,0,0.1078,0.0546,0,0,0,0,0.0,Safe
safe-gen-0308,pass,fail,pass,none,0,0.1127,0.0,0.0,0.0447,0,2,0,0.0675,0.0349,0,0,0,0,0.0,Safe
safe-gen-0309,pass,none,pass,none,0,0.1163,0.0,0.0,0.0355,0,2,0,0.0882,0.0351,0,0,0,0,0.0,Safe
safe-gen-0310,temperror,temperror,fail,none,0,0.0209,0.0,0.0,0.031,0,0,0,0.0089,0.0351,0,0,0,0,0.0,Safe
safe-gen-0311,softfail,neutral,neutral,none,0,0.1056,0.0,0.0,0.0434,0,0,0,0.1287,0.0985,0,0,0,0,0.0,Safe
safe-gen-0312,temperror,fail,pass,none,0,0.1179,0.0,0.0,0.1378,0,2,0,0.1301,0.0127,0,0,0,0,0.0,Safe
safe-gen-0313,pass,none,pass,none,0,0.1243,0.0,0.0,0.1142,0,1,0,0.0734,0.0577,0,0,0,0,0.0,Safe
safe-gen-0314,softfail,none,none,none,0,0.095,0.0,0.0,0.132,0,0,0,0.0773,0.0278,0,0,0,0,0.0,Safe
safe-gen-0315,pass,none,pass,none,0,0.0491,0.0,0.0,0.0004,0,1,0,0.1099,0.0731,0,0,0,0,0.0,Safe
safe-gen-0316,neutral,temperror,neutral,none,0,0.0095,0.0,0.0,0.0802,0,0,0,0.0644,0.0212,0,0,0,0,0.0,Safe
safe-gen-0317,softfail,pass,neutral,none,0,0.0867,0.0,0.0,0.0849,0,0,0,0.0516,0.0683,0,0,0,0,0.0,Safe
safe-gen-0318,fail,fail,pass,none,0,0.0689,0.0,0.0,0.0186,0,2,0,0.0662,0.0001,0,0,0,0,0.0,Safe
safe-gen-0319,pass,none,temperror,none,0,0.0198,0.0,0.0,0.0975,0,0,0,0.1399,0.0274,0,0,0,0,0.0,Safe
safe-gen-0320,temperror,none,neutral,none,0,0.1356,0.0,0.0,0.0248,0,0,0,0.0458,0.0699,0,0,0,0,0.0,Safe
safe-gen-0321,fail,temperror,pass,none,0,0.0002,0.0,0.0,0.0715,0,0,0,0.0339,0.068,0,0,0,0,0.0,Safe
safe-gen-0322,fail,temperror,pass,none,0,0.1482,0.0,0.0,0.0633,0,0,0,0.0106,0.0383,0,0,0,0,0.0,Safe
safe-gen-0323,temperror,fail,neutral,none,0,0.1321,0.0,0.0,0.0206,0,1,0,0.113,0.0133,0,0,0,0,0.0,Safe
safe-gen-0324,pass,fail,none,none,0,0.0013,0.0,0.0,0.0975,0,0,0,0.1084,0.0628,0,0,0,0,0.0,Safe
safe-gen-0325,fail,none,temperror,none,0,0.129,0.0,0.0,0.013,0,0,0,0.1129,0.059,0,0,0,0,0.0,Safe
safe-gen-0326,softfail,pass,neutral,none,0,0.021,0.0,0.0,0.0415,0,0,0,0.083,0.06,0,0,0,0,0.0,Safe
safe-gen-0327,none,pass,temperror,none,0,0.1272,0.0,0.0,0.0988,0,0,0,0.0777,0.051,0,0,0,0,0.0,Safe
safe-gen-0328,temperror,none,fail,none,0,0.1347,0.0,0.0,0.1432,0,0,0,0.0169,0.05,0,0,0,0,0.0,Safe
safe-gen-0329,none,neutral,pass,none,0,0.148,0.0,0.0,0.1401,0,0,0,0.1291,0.0568,0,0,0,0,0.0,Safe
safe-gen-0330,softfail,temperror,pass,none,0,0.1432,0.0,0.0,0.1156,0,0,0,0.0101,0.0262,0,0,0,0,0.0,Safe
safe-gen-0331,fail,fail,pass,none,0,0.076,0.0,0.0,0.0943,0,1,0,0.0623,0.0702,0,0,0,0,0.0,Safe
safe-gen-0332,fail,neutral,temperror,none,0,0.0416,0.0,0.0,0.0465,0,1,0,0.0305,0.0808,0,0,0,0,0.0,Safe
safe-gen-0333,neutral,none,temperror,none,0,0.1252,0.0,0.0,0.1022,0,0,0,0.1048,0.073,0,0,0,0,0.0,Safe
safe-gen-0334,pass,fail,fail,none,0,0.0652,0.0,0.0,0.068,0,1,0,0.0464,0.0742,0,0,0,0,0.0,Safe
safe-gen-0335,temperror,fail,pass,none,0,0.1052,0.0,0.0,0.0246,0,2,0,0.0785,0.0783,0,0,0,0,0.0,Safe
safe-gen-0336,temperror,fail,fail,none,0,0.1172,0.0,0.0,0.0403,0,2,0,0.1157,0.0029,0,0,0,0,0.0,Safe
safe-gen-0337,pass,none,fail,none,0,0.1068,0.0,0.0,0.0865,0,0,0,0.0683,0.036,0,0,0,0,0.0,Safe
safe-gen-0338,neutral,neutral,neutral,none,0,0.0383,0.0,0.0,0.0154,0,1,0,0.1084,0.0228,0,0,0,0,0.0,Safe
safe-gen-0339,neutral,fail,pass,none,0,0.0367,0.0,0.0,0.0708,0,0,0,0.0225,0.0931,0,0,0,0,0.0,Safe
safe-gen-0340,pass,neutral,pass,none,0,0.1111,0.0,0.0,0.0629,0,0,0,0.0624,0.072,0,0,0,0,0.0,Safe
safe-gen-0341,softfail,fail,neutral,none,0,0.0753,0.0,0.0,0.1353,0,0,0,0.1207,0.0981,0,0,0,0,0.0,Safe
safe-gen-0342,pass,fail,none,none,0,0.0423,0.0,0.0,0.1267,0,0,0,0.083,0.0008,0,0,0,0,0.0,Safe
safe-gen-0343,fail,neutral,neutral,none,0,0.0934,0.0,0.0,0.0696,0,1,0,0.074,0.0773,0,0,0,0,0.0,Safe
safe-gen-0344,fail,pass,pass,none,0,0.0368,0.0,0.0,0.001,0,0,0,0.0349,0.0346,0,0,0,0,0.0,Safe
safe-gen-0345,pass,pass,pass,none,0,0.0002,0.0,0.0,0.0986,0,2,0,0.1091,0.0104,0,0,0,0,0.0,Safe
safe-gen-0346,neutral,none,none,none,0,0.009,0.0,0.0,0.1495,0,1,0,0.014,0.0921,0,0,0,0,0.0,Safe
safe-gen-0347,pass,neutral,pass,none,0,0.0559,0.0,0.0,0.1462,0,0,0,0.0143,0.0134,0,0,0,0,0.0,Safe
safe-gen-0348,pass,fail,none,none,0,0.0652,0.0,0.0,0.1446,0,0,0,0.0391,0.0315,0,0,0,0,0.0,Safe
safe-gen-0349,pass,pass,pass,none,0,0.0477,0.0,0.0,0.0408,0,0,0,0.0304,0.078,0,0,0,0,0.0,Safe
safe-gen-0350,none,fail,fail,none,0,0.0699,0.0,0.0,0.061,0,1,0,0.1447,0.0208,0,0,0,0,0.0,Safe
safe-gen-0351,softfail,none,fail,none,0,0.0236,0.0,0.0,0.1029,0,2,0,0.1045,0.004,0,0,0,0,0.0,Safe
safe-gen-0352,pass,none,fail,none,0,0.0372,0.0,0.0,0.0534,0,1,0,0.1016,0.026,0,0,0,0,0.0,Safe
safe-gen-0353,pass,fail,neutral,none,0,0.0678,0.0,0.0,0.1122,0,0,0,0.0693,0.0804,0,0,0,0,0.0,Safe
safe-gen-0354,fail,fail,pass,none,0,0.1474,0.0,0.0,0.0196,0,2,0,0.0558,0.063,0,0,0,0,0.0,Safe
safe-gen-0355,none,neutral,neutral,none,0,0.1219,0.0,0.0,0.0033,0,0,0,0.1354,0.0443,0,0,0,0,0.0,Safe
safe-gen-0356,fail,pass,pass,none,0,0.0497,0.0,0.0,0.0064,0,0,0,0.0252,0.0574,0,0,0,0,0.0,Safe
safe-gen-0357,pass,none,fail,none,0,0.1025,0.0,0.0,0.0259,0,0,0,0.0281,0.028,0,0,0,0,0.0,Safe
safe-gen-0358,pass,fail,temperror,none,0,0.0369,0.0,0.0,0.0443,0,0,0,0.0826,0.0061,0,0,0,0,0.0,Safe
safe-gen-0359,softfail,fail,fail,none,0,0.1327,0.0,0.0,0.0789,0,1,0,0.1203,0.0795,0,0,0,0,0.0,Safe
safe-gen-0360,pass,pass,neutral,none,0,0.0817,0.0,0.0,0.0727,0,2,0,0.0754,0.0388,0,0,0,0,0.0,Safe
safe-gen-0361,fail,none,neutral,none,0,0.1344,0.0,0.0,0.1168,0,0,0,0.1487,0.0529,0,0,0,0,0.0,Safe
safe-gen-0362,pass,pass,pass,none,0,0.015,0.0,0.0,0.0985,0,0,0,0.1224,0.0917,0,0,0,0,0.0,Safe
safe-gen-0363,fail,pass,neutral,none,0,0.127,0.0,0.0,0.1196,0,0,0,0.1259,0.0845,0,0,0,0,0.0,Safe
safe-gen-0364,fail,neutral,pass,none,0,0.1046,0.0,0.0,0.1371,0,0,0,0.1051,0.0948,0,0,0,0,0.0,Safe
safe-gen-0365,none,neutral,fail,none,0,0.1482,0.0,0.0,0.1322,0,0,0,0.0464,0.049,0,0,0,0,0.0,Safe
safe-gen-0366,fail,none,neutral,none,0,0.079,0.0,0.0,0.0001,0,2,0,0.0302,0.013,0,0,0,0,0.0,Safe
safe-gen-0367,temperror,pass,pass,none,0,0.0485,0.0,0.0,0.0033,0,1,0,0.1376,0.0774,0,0,0,0,0.0,Safe
safe-gen-0368,pass,pass,pass,none,0,0.056,0.0,0.0,0.1413,0,0,0,0.0152,0.0302,0,0,0,0,0.0,Safe
safe-gen-0369,fail,fail,pass,none,0,0.1188,0.0,0.0,0.1441,0,1,0,0.0261,0.0969,0,0,0,0,0.0,Safe
safe-gen-0370,temperror,pass,pass,none,0,0.0335,0.0,0.0,0.0883,0,0,0,0.046,0.0688,0,0,0,0,0.0,Safe
safe-gen-0371,fail,pass,pass,none,0,0.1423,0.0,0.0,0.0587,0,2,0,0.1448,0.0032,0,0,0,0,0.0,Safe
safe-gen-0372,none,pass,pass,none,0,0.0331,0.0,0.0,0.0848,0,2,0,0.0211,0.0745,0,0,0,0,0.0,Safe
safe-gen-0373,fail,pass,fail,none,0,0.1328,0.0,0.0,0.0133,0,1,0,0.0959,0.0887,0,0,0,0,0.0,Safe
safe-gen-0374,neutral,none,neutral,none,0,0.0102,0.0,0.0,0.0385,0,0,0,0.0002,0.0386,0,0,0,0,0.0,Safe
safe-gen-0375,temperror,pass,pass,none,0,0.074,0.0,0.0,0.0568,0,1,0,0.0152,0.0479,0,0,0,0,0.0,Safe
safe-gen-0376,pass,temperror,temperror,none,0,0.0244,0.0,0.0,0.0111,0,2,0,0.0442,0.0319,0,0,0,0,0.0,Safe
safe-gen-0377,pass,fail,fail,none,0,0.0563,0.0,0.0,0.1098,0,1,0,0.1347,0.0093,0,0,0,0,0.0,Safe
safe-gen-0378,none,temperror,none,none,0,0.0046,0.0,0.0,0.1414,0,0,0,0.1335,0.0157,0,0,0,0,0.0,Safe
safe-gen-0379,fail,none,fail,none,0,0.1046,0.0,0.0,0.1083,0,1,0,0.0398,0.0282,0,0,0,0,0.0,Safe
safe-gen-0380,fail,fail,none,none,0,0.126,0.0,0.0,0.023,0,0,0,0.0641,0.0295,0,0,0,0,0.0,Safe
safe-gen-0381,temperror,temperror,fail,none,0,0.0039,0.0,0.0,0.0256,0,0,0,0.0123,0.0844,0,0,0,0,0.0,Safe
safe-gen-0382,softfail,none,none,none,0,0.0992,0.0,0.0,0.0137,0,1,0,0.0277,0.0885,0,0,0,0,0.0,Safe
safe-gen-0383,softfail,none,neutral,none,0,0.0698,0.0,0.0,0.0339,0,0,0,0.0092,0.0752,0,0,0,0,0.0,Safe
safe-gen-0384,temperror,fail,neutral,none,0,0.0812,0.0,0.0,0.1456,0,1,0,0.083,0.0841,0,0,0,0,0.0,Safe
safe-gen-0385,pass,none,none,none,0,0.13,0.0,0.0,0.0712,0,2,0,0.0714,0.0079,0,0,0,0,0.0,Safe
safe-gen-0386,pass,pass,none,none,0,0.1351,0.0,0.0,0.1201,0,1,0,0.093,0.012,0,0,0,0,0.0,Safe
safe-gen-0387,pass,fail,pass,none,0,0.1458,0.0,0.0,0.1213,0,0,0,0.0635,0.0988,0,0,0,0,0.0,Safe
safe-gen-0388,neutral,pass,temperror,none,0,0.1251,0.0,0.0,0.0387,0,2,0,0.1371,0.0067,0,0,0,0,0.0,Safe
safe-gen-0389,softfail,none,neutral,none,0,0.0414,0.0,0.0,0.0687,0,2,0,0.118,0.0623,0,0,0,0,0.0,Safe
safe-gen-0390,neutral,none,neutral,none,0,0.0222,0.0,0.0,0.0882,0,1,0,0.1409,0.0925,0,0,0,0,0.0,Safe
safe-gen-0391,none,fail,neutral,none,0,0.0803,0.0,0.0,0.0516,0,0,0,0.0575,0.0486,0,0,0,0,0.0,Safe
safe-gen-0392,none,fail,neutral,none,0,0.0216,0.0,0.0,0.0913,0,1,0,0.0058,0.089,0,0,0,0,0.0,Safe
safe-gen-0393,softfail,none,pass,none,0,0.1381,0.0,0.0,0.1346,0,0,0,0.1226,0.0303,0,0,0,0,0.0,Safe
safe-gen-0394,softfail,neutral,temperror,none,0,0.0147,0.0,0.0,0.1303,0,0,0,0.1461,0.0443,0,0,0,0,0.0,Safe
safe-gen-0395,pass,none,neutral,none,0,0.0968,0.0,0.0,0.0282,0,0,0,0.1236,0.0741,0,0,0,0,0.0,Safe
safe-gen-0396,pass,pass,pass,none,0,0.0773,0.0,0.0,0.0238,0,0,0,0.076,0.0136,0,0,0,0,0.0,Safe
safe-gen-0397,pass,pass,fail,none,0,0.0289,0.0,0.0,0.1249,0,2,0,0.0374,0.0456,0,0,0,0,0.0,Safe
safe-gen-0398,pass,pass,neutral,none,0,0.1235,0.0,0.0,0.0758,0,1,0,0.0186,0.0031,0,0,0,0,0.0,Safe
safe-gen-0399,softfail,neutral,fail,none,0,0.1306,0.0,0.0,0.088,0,0,0,0.0245,0.0894,0,0,0,0,0.0,Safe
safe-gen-0400,temperror,temperror,neutral,none,0,0.058,0.0,0.0,0.0244,0,1,0,0.1447,0.0857,0,0,0,0,0.0,Safe
safe-gen-0401,none,temperror,neutral,none,0,0.0614,0.0,0.0,0.003,0,1,0,0.1151,0.0009,0,0,0,0,0.0,Safe
safe-gen-0402,pass,temperror,temperror,none,0,0.0013,0.0,0.0,0.0379,0,2,0,0.0458,0.0967,0,0,0,0,0.0,Safe
safe-gen-0403,none,none,neutral,none,0,0.0523,0.0,0.0,0.0378,0,0,0,0.1016,0.0824,0,0,0,0,0.0,Safe
safe-gen-0404,softfail,fail,none,none,0,0.0994,0.0,0.0,0.1265,0,0,0,0.0971,0.0609,0,0,0,0,0.0,Safe
safe-gen-0405,softfail,fail,fail,none,0,0.1483,0.0,0.0,0.0961,0,2,0,0.0392,0.0711,0,0,0,0,0.0,Safe
safe-gen-0406,pass,none,fail,none,0,0.1148,0.0,0.0,0.135,0,2,0,0.1204,0.06,0,0,0,0,0.0,Safe
safe-gen-0407,temperror,temperror,pass,none,0,0.0983,0.0,0.0,0.1496,0,0,0,0.0628,0.0388,0,0,0,0,0.0,Safe
safe-gen-0408,fail,pass,none,none,0,0.0285,0.0,0.0,0.109,0,0,0,0.0802,0.0785,0,0,0,0,0.0,Safe
safe-gen-0409,pass,temperror,none,none,0,0.1268,0.0,0.0,0.1261,0,2,0,0.0272,0.0098,0,0,0,0,0.0,Safe
safe-gen-0410,fail,none,pass,none,0,0.1144,0.0,0.0,0.0275,0,1,0,0.0503,0.0089,0,0,0,0,0.0,Safe
safe-gen-0411,softfail,pass,neutral,none,0,0.1182,0.0,0.0,0.0497,0,0,0,0.0441,0.0851,0,0,0,0,0.0,Safe
safe-gen-0412,neutral,pass,none,none,0,0.1416,0.0,0.0,0.0107,0,2,0,0.0751,0.0867,0,0,0,0,0.0,Safe
safe-gen-0413,softfail,none,fail,none,0,0.1281,0.0,0.0,0.0206,0,0,0,0.0614,0.0569,0,0,0,0,0.0,Safe
safe-gen-0414,pass,neutral,neutral,none,0,0.1074,0.0,0.0,0.1168,0,0,0,0.0947,0.0177,0,0,0,0,0.0,Safe
safe-gen-0415,none,fail,neutral,none,0,0.1142,0.0,0.0,0.0253,0,1,0,0.0734,0.0764,0,0,0,0,0.0,Safe
safe-gen-0416,fail,temperror,temperror,none,0,0.0605,0.0,0.0,0.1448,0,0,0,0.0057,0.0199,0,0,0,0,0.0,Safe
safe-gen-0417,softfail,fail,neutral,none,0,0.125,0.0,0.0,0.0286,0,1,0,0.094,0.0249,0,0,0,0,0.0,Safe
safe-gen-0418,temperror,none,fail,none,0,0.0575,0.0,0.0,0.0883,0,0,0,0.1236,0.0298,0,0,0,0,0.0,Safe
safe-gen-0419,softfail,pass,none,none,0,0.0507,0.0,0.0,0.1332,0,2,0,0.0514,0.0901,0,0,0,0,0.0,Safe
safe-gen-0420,softfail,fail,pass,none,0,0.1377,0.0,0.0,0.0605,0,0,0,0.1091,0.0131,0,0,0,0,0.0,Safe
safe-gen-0421,temperror,neutral,fail,none,0,0.055,0.0,0.0,0.0976,0,0,0,0.1315,0.0256,0,0,0,0,0.0,Safe
safe-gen-0422,neutral,fail,pass,none,0,0.0993,0.0,0.0,0.098,0,0,0,0.1035,0.0417,0,0,0,0,0.0,Safe
safe-gen-0423,softfail,neutral,none,none,0,0.023,0.0,0.0,0.1043,0,1,0,0.0452,0.0662,0,0,0,0,0.0,Safe
safe-gen-0424,temperror,none,temperror,none,0,0.0206,0.0,0.0,0.1246,0,0,0,0.1078,0.0118,0,0,0,0,0.0,Safe
safe-gen-0425,fail,fail,fail,none,0,0.03,0.0,0.0,0.0394,0,1,0,0.0303,0.0703,0,0,0,0,0.0,Safe
safe-gen-0426,softfail,fail,none,none,0,0.0312,0.0,0.0,0.14,0,0,0,0.0004,0.0672,0,0,0,0,0.0,Safe
safe-gen-0427,pass,pass,temperror,none,0,0.0224,0.0,0.0,0.0135,0,1,0,0.1085,0.0101,0,0,0,0,0.0,Safe
safe-gen-0428,softfail,none,pass,none,0,0.0444,0.0,0.0,0.0696,0,0,0,0.0262,0.0039,0,0,0,0,0.0,Safe
safe-gen-0429,softfail,pass,neutral,none,0,0.1108,0.0,0.0,0.0142,0,1,0,0.0069,0.0852,0,0,0,0,0.0,Safe
safe-gen-0430,temperror,fail,neutral,none,0,0.0657,0.0,0.0,0.0933,0,2,0,0.0139,0.0815,0,0,0,0,0.0,Safe
safe-gen-0431,fail,none,pass,none,0,0.0408,0.0,0.0,0.0579,0,2,0,0.12,0.0649,0,0,0,0,0.0,Safe
safe-gen-0432,pass,fail,temperror,none,0,0.0088,0.0,0.0,0.1414,0,0,0,0.0624,0.0591,0,0,0,0,0.0,Safe
safe-gen-0433,pass,temperror,fail,none,0,0.057,0.0,0.0,0.0538,0,0,0,0.1027,0.0839,0,0,0,0,0.0,Safe
safe-gen-0434,pass,fail,pass,none,0,0.0169,0.0,0.0,0.0617,0,0,0,0.0392,0.0314,0,0,0,0,0.0,Safe
safe-gen-0435,temperror,temperror,pass,none,0,0.0865,0.0,0.0,0.0848,0,2,0,0.1005,0.0338,0,0,0,0,0.0,Safe
safe-gen-0436,neutral,pass,fail,none,0,0.0993,0.0,0.0,0.0373,0,0,0,0.1014,0.0385,0,0,0,0,0.0,Safe
safe-gen-0437,pass,neutral,pass,none,0,0.0082,0.0,0.0,0.0965,0,0,0,0.1273,0.0852,0,0,0,0,0.0,Safe
safe-gen-0438,pass,fail,none,none,0,0.0361,0.0,0.0,0.1455,0,0,0,0.0334,0.0643,0,0,0,0,0.0,Safe
safe-gen-0439,neutral,none,none,none,0,0.1202,0.0,0.0,0.0672,0,2,0,0.0671,0.0119,0,0,0,0,0.0,Safe
safe-gen-0440,neutral,temperror,fail,none,0,0.0619,0.0,0.0,0.0836,0,0,0,0.0136,0.0604,0,0,0,0,0.0,Safe
safe-gen-0441,none,none,none,none,0,0.031,0.0,0.0,0.1007,0,2,0,0.0545,0.0054,0,0,0,0,0.0,Safe
safe-gen-0442,fail,neutral,none,none,0,0.093,0.0,0.0,0.071,0,1,0,0.1074,0.0114,0,0,0,0,0.0,Safe
safe-gen-0443,pass,none,neutral,none,0,0.1245,0.0,0.0,0.1447,0,0,0,0.0783,0.0702,0,0,0,0,0.0,Safe
safe-gen-0444,fail,fail,fail,none,0,0.1075,0.0,0.0,0.1082,0,0,0,0.0916,0.0188,0,0,0,0,0.0,Safe
safe-gen-0445,pass,none,none,none,0,0.1172,0.0,0.0,0.1075,0,0,0,0.0622,0.0927,0,0,0,0,0.0,Safe
safe-gen-0446,pass,neutral,pass,none,0,0.0676,0.0,0.0,0.0988,0,2,0,0.0202,0.0499,0,0,0,0,0.0,Safe
safe-gen-0447,neutral,fail,pass,none,0,0.1258,0.0,0.0,0.0724,0,1,0,0.1382,0.0177,0,0,0,0,0.0,Safe
safe-gen-0448,none,pass,fail,none,0,0.0581,0.0,0.0,0.0901,0,2,0,0.0756,0.0385,0,0,0,0,0.0,Safe
safe-gen-0449,pass,pass,pass,none,0,0.041,0.0,0.0,0.1445,0,2,0,0.0679,0.0133,0,0,0,0,0.0,Safe
safe-gen-0450,neutral,pass,pass,none,0,0.0448,0.0,0.0,0.1052,0,2,0,0.1068,0.0936,0,0,0,0,0.0,Safe
safe-gen-0451,none,none,temperror,none,0,0.0436,0.0,0.0,0.0518,0,1,0,0.1472,0.065,0,0,0,0,0.0,Safe
safe-gen-0452,pass,neutral,temperror,none,0,0.0484,0.0,0.0,0.0173,0,0,0,0.0721,0.0571,0,0,0,0,0.0,Safe
safe-gen-0453,temperror,none,pass,none,0,0.1262,0.0,0.0,0.0429,0,2,0,0.1212,0.0523,0,0,0,0,0.0,Safe
safe-gen-0454,fail,fail,temperror,none,0,0.03,0.0,0.0,0.1125,0,0,0,0.043,0.0251,0,0,0,0,0.0,Safe
safe-gen-0455,pass,temperror,neutral,none,0,0.113,0.0,0.0,0.0048,0,2,0,0.0154,0.0868,0,0,0,0,0.0,Safe
safe-gen-0456,temperror,pass,pass,none,0,0.0842,0.0,0.0,0.0356,0,1,0,0.1198,0.0288,0,0,0,0,0.0,Safe
safe-gen-0457,temperror,pass,neutral,none,0,0.1435,0.0,0.0,0.1464,0,0,0,0.0828,0.0013,0,0,0,0,0.0,Safe
safe-gen-0458,softfail,temperror,pass,none,0,0.1305,0.0,0.0,0.1245,0,2,0,0.1057,0.0648,0,0,0,0,0.0,Safe
safe-gen-0459,pass,neutral,temperror,none,0,0.1164,0.0,0.0,0.1446,0,0,0,0.0266,0.0683,0,0,0,0,0.0,Safe
safe-gen-0460,fail,fail,none,none,0,0.0566,0.0,0.0,0.0643,0,1,0,0.0195,0.0584,0,0,0,0,0.0,Safe
safe-gen-0461,softfail,none,pass,none,0,0.0232,0.0,0.0,0.0231,0,0,0,0.0076,0.0932,0,0,0,0,0.0,Safe
safe-gen-0462,none,temperror,none,none,0,0.0859,0.0,0.0,0.0537,0,1,0,0.0477,0.022,0,0,0,0,0.0,Safe
safe-gen-0463,fail,fail,none,none,0,0.0624,0.0,0.0,0.0806,0,0,0,0.0332,0.0213,0,0,0,0,0.0,Safe
safe-gen-0464,softfail,none,neutral,none,0,0.1129,0.0,0.0,0.0796,0,2,0,0.1236,0.0981,0,0,0,0,0.0,Safe
safe-gen-0465,fail,temperror,neutral,none,0,0.1357,0.0,0.0,0.0921,0,1,0,0.1438,0.0683,0,0,0,0,0.0,Safe
safe-gen-0466,softfail,pass,pass,none,0,0.0579,0.0,0.0,0.081,0,0,0,0.1367,0.0822,0,0,0,0,0.0,Safe
safe-gen-0467,softfail,pass,neutral,none,0,0.0066,0.0,0.0,0.1347,0,0,0,0.0771,0.0948,0,0,0,0,0.0,Safe
safe-gen-0468,fail,pass,none,none,0,0.0011,0.0,0.0,0.0098,0,1,0,0.116,0.0865,0,0,0,0,0.0,Safe
safe-gen-0469,neutral,fail,none,none,0,0.1054,0.0,0.0,0.1464,0,1,0,0.097,0.094,0,0,0,0,0.0,Safe
safe-gen-0470,temperror,fail,none,none,0,0.0498,0.0,0.0,0.0131,0,0,0,0.1191,0.0558,0,0,0,0,0.0,Safe
safe-gen-0471,none,none,neutral,none,0,0.0582,0.0,0.0,0.0945,0,0,0,0.0025,0.0673,0,0,0,0,0.0,Safe
safe-gen-0472,neutral,temperror,temperror,none,0,0.1134,0.0,0.0,0.0878,0,1,0,0.0109,0.0928,0,0,0,0,0.0,Safe
safe-gen-0473,fail,pass,neutral,none,0,0.013,0.0,0.0,0.1148,0,0,0,0.0593,0.0661,0,0,0,0,0.0,Safe
safe-gen-0474,neutral,neutral,fail,none,0,0.0586,0.0,0.0,0.1196,0,1,0,0.144,0.0144,0,0,0,0,0.0,Safe
safe-gen-0475,temperror,pass,pass,none,0,0.1094,0.0,0.0,0.056,0,2,0,0.083,0.0555,0,0,0,0,0.0,Safe
safe-gen-0476,fail,fail,none,none,0,0.0806,0.0,0.0,0.142,0,0,0,0.1122,0.0904,0,0,0,0,0.0,Safe
safe-gen-0477,softfail,none,temperror,none,0,0.0769,0.0,0.0,0.0241,0,0,0,0.1252,0.0194,0,0,0,0,0.0,Safe
safe-gen-0478,fail,pass,pass,none,0,0.1277,0.0,0.0,0.1399,0,2,0,0.0692,0.055,0,0,0,0,0.0,Safe
safe-gen-0479,softfail,fail,fail,none,0,0.1088,0.0,0.0,0.0731,0,0,0,0.0192,0.0655,0,0,0,0,0.0,Safe
safe-gen-0480,fail,temperror,pass,none,0,0.0477,0.0,0.0,0.0676,0,1,0,0.0459,0.0584,0,0,0,0,0.0,Safe
safe-gen-0481,none,none,neutral,none,0,0.0642,0.0,0.0,0.0007,0,0,0,0.0332,0.074,0,0,0,0,0.0,Safe
safe-gen-0482,neutral,pass,fail,none,0,0.1099,0.0,0.0,0.1317,0,0,0,0.0538,0.0305,0,0,0,0,0.0,Safe
safe-gen-0483,none,fail,temperror,none,0,0.1263,0.0,0.0,0.1288,0,0,0,0.0808,0.0263,0,0,0,0,0.0,Safe
safe-gen-0484,pass,fail,fail,none,0,0.0028,0.0,0.0,0.0761,0,0,0,0.0873,0.0405,0,0,0,0,0.0,Safe
safe-gen-0485,none,pass,none,none,0,0.0815,0.0,0.0,0.1498,0,0,0,0.1163,0.0366,0,0,0,0,0.0,Safe
safe-gen-0486,fail,pass,pass,none,0,0.0436,0.0,0.0,0.0697,0,1,0,0.0595,0.0502,0,0,0,0,0.0,Safe
safe-gen-0487,temperror,pass,pass,none,0,0.0921,0.0,0.0,0.0249,0,1,0,0.0669,0.0179,0,0,0,0,0.0,Safe
safe-gen-0488,pass,temperror,pass,none,0,0.1104,0.0,0.0,0.0725,0,0,0,0.0328,0.0488,0,0,0,0,0.0,Safe
safe-gen-0489,fail,none,fail,none,0,0.031,0.0,0.0,0.1362,0,0,0,0.0705,0.0455,0,0,0,0,0.0,Safe
safe-gen-0490,fail,pass,neutral,none,0,0.1056,0.0,0.0,0.0782,0,2,0,0.1252,0.0263,0,0,0,0,0.0,Safe
safe-gen-0491,neutral,fail,temperror,none,0,0.0548,0.0,0.0,0.098,0,2,0,0.0775,0.0376,0,0,0,0,0.0,Safe
safe-gen-0492,pass,neutral,neutral,none,0,0.1302,0.0,0.0,0.073,0,0,0,0.0906,0.0502,0,0,0,0,0.0,Safe
safe-gen-0493,fail,fail,fail,none,0,0.0965,0.0,0.0,0.0317,0,0,0,0.0543,0.0717,0,0,0,0,0.0,Safe
safe-gen-0494,fail,none,pass,none,0,0.108,0.0,0.0,0.0722,0,0,0,0.0316,0.0161,0,0,0,0,0.0,Safe
safe-gen-0495,pass,fail,fail,none,0,0.086,0.0,0.0,0.0242,0,1,0,0.0059,0.0572,0,0,0,0,0.0,Safe
safe-gen-0496,fail,none,fail,none,0,0.1437,0.0,0.0,0.0899,0,1,0,0.0028,0.072,0,0,0,0,0.0,Safe
safe-gen-0497,temperror,none,fail,none,0,0.0674,0.0,0.0,0.1489,0,2,0,0.0256,0.083,0,0,0,0,0.0,Safe
safe-gen-0498,none,pass,pass,none,0,0.0273,0.0,0.0,0.0989,0,0,0,0.1086,0.0343,0,0,0,0,0.0,Safe
safe-gen-0499,neutral,neutral,neutral,none,0,0.0578,0.0,0.0,0.0163,0,0,0,0.1289,0.0504,0,0,0,0,0.0,Safe
safe-gen-0500,neutral,fail,fail,none,0,0.0714,0.0,0.0,0.0922,0,0,0,0.1176,0.0503,0,0,0,0,0.0,Safe
